subID,...1,miniSPIN_3,miniSPIN_1,miniSPIN_2,AMI_11,AMI_5,AMI_15,catch_2,AMI_10,AMI_12,AMI_9,PHQ9_7,PHQ9_6,PHQ9_D,PHQ9_3,PHQ9_8,PHQ9_9,PHQ9_2,PHQ9_1,PHQ9_4,PHQ9_5,ERQCR_4,ERQCR_5,ERQCR_1,ERQCR_3,ERQCR_2,ERQCR_6,DAS_4,DAS_9,DAS_2,DAS_5,DAS_6,DAS_7,DAS_8,DAS_3,catch_1,DAS_1,BADS_8,BADS_2,BADS_7,BADS_6,BADS_5,BADS_4,BADS_3,BADS_1,BADS_9,catchQsCorrect,PHQ9_total,miniSPIN_total,DAS_total,AMI_behavActiv,ERQCR_total,BADS_total
sub_71412,1,4,4,4,3,3,4,0,3,3,3,1,1,1,0,0,1,1,1,1,0,4,4,3,2,5,5,1,2,0,0,0,0,0,0,3,0,5,4,3,2,4,4,1,1,3,yes,6,12,33,0.833333333333333,23,29
sub_64424,2,2,4,4,2,1,1,0,1,2,1,1,1,1,2,0,0,1,1,1,0,4,3,2,4,2,2,2,2,1,2,2,1,2,1,3,1,4,1,5,4,1,1,4,6,3,yes,7,10,22,2.66666666666667,17,15
sub_84361,3,4,2,1,1,1,1,0,1,1,0,1,2,1,2,0,0,1,2,2,1,4,5,4,6,4,4,2,1,1,1,0,3,1,0,3,0,5,2,5,1,2,5,2,4,2,yes,11,7,27,3.16666666666667,27,22
sub_56207,4,3,2,1,1,2,1,0,1,2,3,1,0,1,1,0,0,1,1,2,2,2,1,4,1,4,2,1,2,1,2,3,1,1,1,3,2,5,3,2,4,2,3,3,5,4,yes,8,6,22,2.33333333333333,14,23
sub_57127,5,1,2,3,3,1,3,0,3,4,3,0,1,0,2,0,1,1,1,2,1,3,3,4,4,4,3,2,0,3,1,2,1,3,1,3,1,3,3,3,1,3,4,2,1,3,yes,9,6,22,1.16666666666667,21,31
sub_26739,6,3,3,4,3,1,1,0,3,3,3,0,1,1,1,0,0,1,1,3,1,2,2,5,4,5,2,2,2,2,1,2,1,1,1,3,2,2,0,2,2,3,2,2,6,2,yes,8,10,22,1.66666666666667,20,21
sub_71604,7,4,3,4,0,1,0,0,0,0,0,1,3,2,2,0,0,2,2,3,0,6,5,6,4,6,4,3,2,2,1,1,3,2,1,3,0,2,0,2,2,0,0,1,6,0,yes,13,11,21,3.83333333333333,31,13
sub_83235,8,3,3,3,3,3,3,0,4,3,3,0,1,1,0,0,0,0,1,1,0,5,4,5,4,5,4,2,2,2,2,2,2,1,1,3,1,4,4,2,2,5,5,6,2,2,yes,3,9,21,0.833333333333333,27,36
sub_19090,9,0,0,0,3,4,3,0,4,4,4,0,0,0,3,0,0,0,0,0,3,6,6,6,6,5,6,2,2,2,2,2,2,2,2,0,1,0,5,0,0,5,6,6,1,6,no,6,0,19,0.333333333333333,35,51
sub_72040,10,3,3,3,1,1,1,0,1,1,1,1,1,1,1,0,1,1,1,1,1,3,2,5,4,1,2,2,2,2,2,2,2,2,1,3,1,4,2,5,4,3,3,3,4,3,yes,8,9,20,3,17,21
sub_43699,11,0,0,0,3,2,1,0,1,2,2,1,0,0,3,2,0,0,1,1,2,6,5,6,5,5,5,2,2,2,2,3,2,2,3,3,3,5,2,0,3,1,3,2,4,4,yes,10,0,15,2.16666666666667,32,24
sub_69358,12,0,0,1,2,3,3,0,3,3,2,2,1,0,1,1,0,0,1,1,0,3,4,4,5,5,4,2,2,1,2,3,2,2,0,3,2,4,6,5,2,5,4,3,4,5,yes,7,1,20,1.33333333333333,25,32
sub_64788,13,4,3,4,0,1,0,0,0,0,1,3,2,3,2,0,0,1,2,3,3,6,3,6,0,6,3,3,3,3,3,3,3,3,3,3,3,6,1,5,5,1,2,5,6,6,yes,16,11,9,3.66666666666667,24,17
sub_64585,14,1,1,0,3,2,3,0,4,3,3,1,1,0,1,1,0,1,1,2,1,4,3,4,4,6,4,2,2,2,2,2,2,2,2,3,1,3,5,4,3,4,4,6,4,6,yes,9,2,19,1,25,35
sub_23609,15,4,2,3,2,2,1,0,2,2,3,1,0,0,3,0,0,0,1,3,2,3,2,3,2,3,3,2,1,1,1,1,2,1,0,3,1,3,2,1,3,1,1,1,6,4,yes,10,9,26,2,16,20
sub_38558,16,1,2,3,2,1,2,0,3,3,3,2,0,1,2,0,0,0,0,2,0,4,4,4,4,4,4,2,2,2,1,2,2,2,2,3,2,3,4,3,1,4,4,4,1,4,yes,6,6,19,1.66666666666667,24,36
sub_98260,17,2,1,0,3,2,3,0,4,4,1,1,0,1,1,0,0,0,1,0,0,4,3,4,5,4,4,2,2,2,2,2,2,2,2,3,1,0,4,1,0,5,4,4,0,5,yes,3,3,19,1.16666666666667,24,45
sub_21223,18,0,0,0,2,1,1,0,1,2,2,0,0,2,1,0,1,3,1,0,1,3,3,3,3,3,3,3,3,3,3,3,3,3,3,3,3,1,4,6,6,5,4,3,2,1,yes,7,0,9,2.5,18,26
sub_43712,19,1,2,2,3,0,2,0,1,3,3,1,0,1,1,0,0,0,1,1,1,5,5,5,3,5,5,2,1,2,2,2,1,3,2,3,3,0,2,0,0,3,2,2,6,3,yes,5,5,18,2,28,30
sub_74409,20,3,4,4,2,2,2,0,1,3,1,1,2,1,1,0,0,2,1,2,1,4,2,5,2,4,3,0,2,0,1,1,2,3,1,3,1,6,3,3,4,2,5,4,3,4,yes,10,11,25,2.16666666666667,20,26
sub_87953,21,2,3,4,2,2,3,0,1,3,3,0,0,0,2,0,0,1,1,2,0,4,4,4,4,4,4,2,3,3,3,3,3,3,3,3,3,0,3,0,0,2,3,1,6,3,yes,6,9,10,1.66666666666667,24,30
sub_91300,22,1,1,2,3,3,1,0,1,3,2,0,1,2,1,0,0,1,1,3,2,2,2,3,4,3,2,1,3,2,2,2,2,2,2,3,3,1,1,3,1,2,2,1,1,2,yes,9,4,17,1.83333333333333,16,26
sub_84742,23,1,1,1,1,0,1,0,4,4,0,3,0,3,3,1,2,0,1,3,3,6,6,0,0,0,6,3,3,0,0,3,3,3,0,3,0,6,5,6,6,5,6,6,6,4,yes,16,3,21,2.33333333333333,18,26
sub_34608,24,2,3,4,4,3,3,0,4,4,3,1,0,1,2,0,0,1,0,2,0,4,3,5,3,6,4,2,2,2,2,3,1,2,3,3,2,0,3,0,0,3,2,2,1,3,yes,6,9,17,0.5,25,36
sub_10102,25,3,4,4,3,1,4,0,3,2,3,1,1,0,1,0,0,1,2,2,0,3,2,4,2,2,2,3,2,1,2,2,2,2,1,3,2,5,4,5,3,2,3,1,2,2,yes,8,11,19,1.33333333333333,15,21
sub_85884,26,1,2,1,2,1,1,0,2,3,1,1,0,0,0,0,0,1,1,1,1,1,1,1,1,1,1,2,2,2,2,2,2,2,2,3,2,2,3,3,1,2,3,2,3,3,yes,5,4,18,2.33333333333333,6,28
sub_46939,27,3,2,2,3,3,3,0,1,3,3,3,1,1,2,3,0,1,1,2,1,6,4,5,5,5,5,1,2,2,2,3,1,2,2,3,1,5,4,2,1,4,5,5,2,5,yes,14,7,20,1.33333333333333,30,37
sub_81432,28,3,3,4,3,3,3,0,3,3,3,1,1,1,1,0,1,1,1,1,0,4,3,3,4,4,3,1,1,1,1,1,1,2,0,3,1,2,1,2,3,1,2,2,4,2,yes,7,10,27,1,21,21
sub_30002,29,2,1,3,4,3,3,0,4,2,3,1,0,1,2,0,0,0,0,1,1,2,2,4,5,5,2,2,3,1,3,1,1,2,2,3,2,3,4,2,0,5,3,4,2,3,yes,5,6,19,0.833333333333333,20,36
sub_10015,30,2,1,1,3,2,2,0,2,3,3,1,1,0,1,0,0,0,1,1,0,1,1,2,1,4,3,2,3,2,2,2,2,2,1,3,2,3,3,2,2,3,3,4,2,3,yes,5,4,18,1.5,12,31
sub_71147,31,0,1,2,2,1,0,0,0,1,1,2,1,1,3,1,0,1,1,2,0,1,1,1,4,1,1,2,2,2,1,2,2,2,2,3,1,2,3,4,4,3,3,2,4,4,yes,11,3,20,3.16666666666667,9,25
sub_43755,32,4,4,3,4,2,1,0,0,3,2,1,0,1,3,0,0,0,0,2,0,5,5,5,6,5,5,3,3,2,2,3,3,3,1,3,3,1,6,6,0,6,4,5,1,2,yes,6,11,13,2,31,39
sub_89767,33,0,0,0,1,1,1,0,1,2,3,2,1,1,1,0,1,1,1,2,1,5,5,5,4,5,5,2,3,2,3,3,1,3,3,3,3,4,3,2,2,2,2,4,6,4,yes,10,0,13,2.5,29,25
sub_35489,34,1,2,1,3,3,4,0,3,3,3,1,1,1,1,0,0,1,1,0,0,4,5,4,4,4,4,2,3,2,2,2,2,2,2,3,3,3,3,6,1,4,3,2,1,5,yes,5,4,16,0.833333333333333,25,30
sub_73085,35,3,3,4,3,1,2,0,1,3,2,1,1,1,1,0,0,1,1,3,1,3,2,3,1,3,2,2,2,2,2,2,1,2,2,3,2,3,1,3,2,1,3,2,4,3,yes,9,10,19,2,14,22
sub_75684,36,2,1,1,3,4,3,0,3,3,4,0,0,0,2,0,0,0,0,1,1,5,5,5,5,4,5,2,2,1,1,1,3,2,1,3,2,0,6,1,0,5,6,5,2,5,yes,4,4,21,0.666666666666667,29,48
sub_33308,37,1,2,3,4,3,2,0,1,4,3,0,3,0,1,1,0,0,1,2,3,5,5,6,3,6,4,3,3,3,3,3,3,3,3,3,2,4,2,5,3,2,3,1,4,4,yes,11,6,10,1.16666666666667,29,20
sub_64325,38,2,3,2,2,2,2,0,1,3,2,0,0,1,1,0,1,1,1,2,0,3,3,2,3,3,4,1,2,1,2,0,2,1,1,3,1,3,3,4,3,2,3,2,4,3,yes,6,7,25,2,18,23
sub_36911,39,4,4,4,3,0,2,0,2,3,4,1,1,1,1,0,0,1,1,0,0,3,4,3,4,4,4,2,2,2,1,1,2,3,1,3,1,4,4,0,0,4,3,0,1,2,yes,5,12,21,1.66666666666667,22,32
sub_73083,40,3,3,3,3,0,1,0,2,3,3,1,2,1,1,0,0,1,1,1,1,3,2,2,1,1,1,1,1,2,2,1,1,1,1,3,1,5,4,5,4,4,2,4,3,3,yes,8,9,25,2,10,24
sub_57480,41,0,1,3,3,3,3,0,3,3,3,1,1,1,1,0,1,1,0,1,1,5,5,4,5,4,5,2,2,2,2,2,2,2,2,3,2,3,4,4,1,4,5,5,3,5,yes,7,4,18,1,28,36
sub_49549,42,4,4,4,2,2,2,0,1,2,3,0,1,0,0,0,0,2,1,1,3,4,3,3,2,3,3,1,2,1,2,1,2,1,2,3,1,4,4,5,3,4,1,1,2,2,yes,8,12,23,2,18,22
sub_71432,43,2,4,4,3,1,2,0,1,2,2,2,0,1,1,0,0,1,1,1,0,3,4,3,2,4,3,3,2,1,1,2,2,3,1,3,2,4,2,4,4,1,1,2,5,2,yes,6,10,19,2.16666666666667,19,15
sub_82988,44,3,2,3,2,1,1,0,1,3,1,3,2,1,3,0,0,1,1,3,3,3,1,2,1,2,1,1,2,2,1,1,2,2,1,3,2,4,2,3,2,2,3,3,4,2,yes,16,8,22,2.5,10,23
sub_50869,45,1,2,2,3,3,2,0,3,4,3,0,0,1,2,0,0,1,1,2,0,5,3,1,4,4,4,2,2,1,1,0,2,2,1,3,0,1,4,4,1,4,5,4,5,5,yes,6,5,25,1,21,35
sub_15260,46,4,3,4,4,0,3,0,4,3,1,1,1,1,3,0,0,1,1,2,0,6,5,6,4,6,5,1,2,1,1,2,2,2,1,3,1,2,3,4,1,3,2,4,5,4,yes,9,11,23,1.5,32,28
sub_63558,47,2,0,1,4,2,3,0,1,3,3,0,0,0,0,0,0,0,0,1,2,5,5,4,5,4,5,3,3,2,3,3,3,2,2,3,2,0,5,0,0,4,5,4,3,3,yes,3,3,13,1.33333333333333,28,42
sub_19769,48,4,4,4,3,1,2,0,2,2,1,0,1,1,0,0,0,1,1,2,1,4,2,4,3,3,4,2,2,2,2,1,2,2,1,3,2,3,5,4,1,2,4,3,4,3,yes,6,12,20,2.16666666666667,20,29
sub_96775,49,3,3,4,1,1,0,0,0,0,0,2,1,1,2,0,0,0,1,3,3,5,3,4,5,4,4,3,3,1,2,1,2,2,1,3,1,2,2,6,3,0,0,1,6,4,yes,12,10,20,3.66666666666667,25,14
sub_35850,50,0,1,1,3,3,3,0,1,3,3,1,0,1,2,0,0,1,1,2,2,6,6,6,6,6,6,2,3,3,3,3,2,2,3,3,3,3,2,1,2,2,3,2,2,4,yes,9,2,12,1.33333333333333,36,29
sub_60844,51,4,4,3,3,2,3,0,1,2,2,0,1,0,0,0,0,1,1,1,0,4,4,3,2,4,3,2,1,1,1,2,1,2,1,3,1,2,2,2,0,2,3,2,4,3,yes,4,11,24,1.83333333333333,20,28
sub_11906,52,2,2,3,2,3,2,0,1,3,3,0,1,0,1,0,0,1,0,1,1,5,4,4,5,4,5,2,2,3,2,2,2,2,1,3,2,3,4,1,2,3,5,4,2,5,yes,5,7,18,1.66666666666667,27,37
sub_54575,53,2,3,3,4,3,3,0,1,3,2,2,0,1,2,1,0,1,1,3,2,4,3,2,3,2,2,1,2,2,1,1,2,1,1,3,0,4,2,5,4,2,3,3,4,3,yes,12,8,25,1.33333333333333,16,20
sub_46077,54,3,3,4,3,1,3,0,3,3,2,1,3,0,1,0,1,1,0,0,0,2,2,2,1,4,4,2,3,2,1,2,3,2,2,3,2,4,1,5,2,3,2,2,4,2,yes,7,10,17,1.5,15,19
sub_88446,55,4,4,4,1,0,0,0,1,3,1,2,1,1,2,2,0,3,1,3,3,2,2,2,2,2,2,2,1,1,1,0,2,2,0,3,0,6,0,6,4,1,1,6,6,6,yes,17,12,27,3,12,16
sub_87303,56,2,1,2,3,3,1,0,1,3,3,0,1,1,1,0,1,1,1,1,0,4,4,4,5,4,4,3,2,3,2,3,2,2,2,3,1,5,2,5,4,2,2,3,4,4,yes,6,5,16,1.66666666666667,25,19
sub_30778,57,2,2,3,2,1,1,0,1,2,1,1,2,1,1,0,0,2,2,2,1,4,4,4,5,4,4,2,2,2,2,2,2,2,1,3,2,5,2,5,4,3,3,4,4,3,yes,11,7,19,2.66666666666667,25,21
sub_87732,58,1,1,0,3,1,1,0,3,4,3,1,2,1,2,1,0,2,1,2,1,5,4,2,5,4,4,2,1,2,1,2,2,2,2,3,2,5,2,4,4,2,1,4,6,4,yes,12,2,20,1.5,24,18
sub_18945,59,0,1,1,3,2,2,0,2,4,4,1,0,1,3,0,0,0,1,2,2,6,6,6,6,6,6,3,3,2,3,3,3,2,3,3,3,2,2,2,2,4,5,6,4,4,yes,9,2,11,1.16666666666667,36,35
sub_48817,60,3,2,2,3,1,2,0,4,3,2,1,1,1,2,0,0,1,0,1,1,3,3,5,3,5,3,0,1,1,1,0,1,1,1,3,1,5,3,6,5,4,4,6,5,1,yes,7,7,29,1.5,22,21
sub_92526,61,4,3,3,3,4,1,0,3,3,3,0,0,0,3,0,0,0,0,2,2,6,5,4,6,5,6,3,3,2,2,3,2,2,2,3,3,0,3,1,0,1,3,4,5,6,yes,7,10,14,1.16666666666667,32,35
sub_94393,62,2,2,4,3,3,1,0,0,2,1,2,0,1,3,0,0,1,1,3,3,4,4,5,4,5,4,3,3,3,2,3,3,3,2,3,3,6,4,3,5,1,4,2,6,5,yes,13,8,11,2.33333333333333,26,20
sub_61387,63,3,4,4,3,0,2,0,0,2,2,0,1,1,2,0,1,1,2,2,1,2,1,3,1,4,1,1,1,1,1,2,1,2,1,3,2,5,3,5,5,1,3,1,6,2,yes,10,11,24,2.5,12,13
sub_83995,64,2,1,3,3,3,3,0,2,3,3,1,1,0,0,0,0,0,0,1,0,4,4,6,4,3,4,2,3,2,2,2,2,2,2,3,1,3,4,2,1,5,4,4,2,4,yes,3,6,18,1.16666666666667,25,37
sub_79017,65,2,2,1,1,1,1,0,1,4,2,1,1,3,2,0,0,1,1,2,3,2,3,4,5,2,2,0,2,1,1,0,2,2,0,3,1,4,2,4,4,1,3,2,6,2,yes,11,5,27,2.33333333333333,18,16
sub_17360,66,3,3,2,1,2,1,0,1,3,1,1,1,1,1,0,0,2,1,1,2,4,3,3,3,4,4,2,2,1,2,2,2,1,1,3,1,4,2,3,3,1,2,2,4,3,yes,9,8,22,2.5,21,20
sub_39019,67,1,2,1,3,3,1,0,2,3,3,1,1,1,3,3,1,1,1,1,1,4,5,3,5,4,4,2,2,1,1,2,2,2,2,3,1,5,2,6,4,3,3,2,3,5,yes,13,4,21,1.5,25,21
sub_38988,68,1,2,4,3,1,2,0,2,3,1,1,1,1,3,0,0,2,1,2,1,1,1,3,2,2,2,2,2,2,1,1,2,2,0,3,1,1,1,4,2,1,2,1,3,1,yes,11,7,23,2,11,20
sub_92555,69,2,2,2,1,1,1,0,1,1,1,1,0,1,1,0,0,0,1,1,1,3,4,4,5,5,5,2,2,2,1,2,1,1,2,3,2,5,2,0,6,0,2,1,6,2,yes,5,6,21,3,26,14
sub_79530,70,1,2,1,3,3,3,0,1,3,3,0,0,0,1,0,1,1,0,1,1,6,6,6,6,6,6,3,3,3,3,3,3,3,3,3,1,3,6,2,2,4,4,6,0,6,yes,5,4,11,1.33333333333333,36,43
sub_98693,71,1,1,1,3,3,3,0,2,3,3,0,0,1,2,0,0,0,0,1,0,5,5,5,5,5,5,2,2,3,3,2,2,3,2,3,1,0,4,4,0,4,4,3,2,4,yes,3,3,16,1.16666666666667,30,37
sub_68505,72,1,1,1,3,2,3,0,0,3,2,1,1,1,2,0,0,1,1,3,2,4,4,4,3,4,4,1,1,1,2,2,1,1,2,3,2,3,3,1,0,1,5,4,3,4,yes,11,3,23,1.83333333333333,23,34
sub_21248,73,4,4,4,3,1,2,0,2,2,1,1,1,0,3,1,1,1,1,1,0,4,5,4,4,4,4,2,0,1,1,1,1,2,1,3,2,4,2,4,1,1,1,1,4,4,yes,10,12,25,2.16666666666667,25,20
sub_73010,74,2,2,0,2,2,3,0,4,4,3,2,1,0,0,0,0,0,0,0,2,6,4,4,5,4,5,1,3,3,3,3,2,2,1,3,0,5,5,3,0,3,3,6,5,5,yes,5,4,18,1,28,33
sub_87689,75,0,0,2,3,3,3,0,4,2,3,0,1,0,2,0,0,1,0,2,2,4,3,4,3,5,4,1,1,1,2,1,1,2,2,3,1,2,3,1,1,1,2,2,2,2,yes,8,2,24,1,23,28
sub_26100,76,3,3,2,1,2,1,0,3,3,1,1,1,1,2,0,0,1,1,1,2,4,4,4,5,4,4,2,3,1,3,2,1,1,2,3,1,2,3,5,2,2,3,2,6,3,yes,9,8,20,2.16666666666667,25,22
sub_20421,77,3,2,1,3,1,3,0,3,3,1,1,2,1,1,1,0,1,1,1,1,5,5,6,6,6,6,2,1,1,1,1,1,1,1,3,0,3,2,6,2,4,3,4,6,2,yes,9,6,27,1.66666666666667,34,22
sub_76686,78,2,1,2,3,3,3,0,3,3,3,1,2,0,0,0,0,1,2,3,2,5,4,5,5,5,5,2,2,2,2,1,2,2,2,3,1,4,4,3,2,5,4,4,5,2,yes,11,5,20,1,29,29
sub_62716,79,0,0,0,4,3,3,0,3,4,4,0,0,0,1,1,0,0,0,1,0,6,5,5,6,5,5,2,3,1,3,3,2,2,3,3,3,0,6,0,1,6,6,6,1,6,yes,3,0,14,0.5,32,52
sub_67011,80,3,2,3,1,1,1,0,1,2,3,2,1,1,2,0,1,1,1,1,1,2,3,2,4,4,2,2,1,2,1,2,1,2,1,3,2,4,2,3,4,2,2,3,4,3,yes,10,8,22,2.5,17,21
sub_46794,81,2,2,3,3,2,2,0,3,1,2,2,1,1,2,0,0,2,2,2,2,4,6,4,5,4,4,3,3,3,2,2,2,3,2,3,1,0,2,5,3,0,2,1,5,2,yes,13,7,15,1.83333333333333,27,18
sub_23853,82,0,0,1,1,3,3,0,0,2,1,2,1,1,0,0,0,1,3,1,1,3,5,2,3,2,4,3,3,3,3,3,3,3,3,3,2,3,2,5,3,3,4,2,1,2,yes,9,1,10,2.33333333333333,19,25
sub_85338,83,2,3,2,1,2,1,0,3,2,2,2,0,1,2,0,0,1,1,1,2,4,4,4,4,4,4,2,2,1,1,1,1,2,1,3,1,3,2,1,3,1,1,1,4,3,yes,9,7,24,2.16666666666667,24,21
sub_71640,84,3,1,3,4,2,3,0,2,4,4,1,0,1,1,0,0,0,1,0,0,6,6,5,5,5,5,2,2,2,3,2,2,2,1,3,1,1,4,2,1,4,5,4,1,5,yes,3,7,19,0.833333333333333,32,41
sub_22349,85,3,4,3,1,1,0,0,0,2,1,3,1,1,0,0,0,1,2,1,2,4,2,4,2,4,4,1,2,2,0,2,2,2,0,3,2,5,1,5,3,1,2,3,5,3,yes,10,10,23,3.16666666666667,20,16
sub_44782,86,3,4,4,3,2,3,0,3,3,2,1,3,2,1,0,1,2,2,1,3,5,6,5,4,6,6,2,3,3,1,1,3,3,0,3,1,5,3,4,5,3,3,2,2,5,yes,14,11,19,1.33333333333333,32,24
sub_45376,87,2,2,2,2,2,2,0,2,2,2,1,2,1,1,0,1,1,1,1,1,3,2,2,2,1,2,1,2,2,1,1,1,2,1,3,1,2,3,3,2,3,3,4,3,3,yes,9,6,24,2,12,30
sub_50563,88,2,2,4,1,1,1,0,4,3,3,0,0,1,3,0,0,0,0,1,3,4,5,5,4,5,5,2,2,2,2,2,2,2,1,3,1,4,2,1,0,5,4,4,3,4,yes,7,8,20,1.83333333333333,28,35
sub_18080,89,2,1,1,4,2,4,0,3,4,3,1,0,1,1,0,0,1,1,1,0,4,4,2,4,3,4,2,2,2,3,3,1,2,1,3,1,3,3,2,1,4,4,4,1,2,yes,5,4,19,0.666666666666667,21,34
sub_71979,90,3,2,1,3,1,3,0,2,3,3,1,2,1,2,0,0,1,1,2,0,4,6,4,5,4,6,3,3,3,2,1,3,1,1,3,1,2,2,2,4,2,3,4,5,3,yes,9,6,18,1.5,29,25
sub_84398,91,3,3,3,3,1,2,0,3,3,3,1,0,1,1,0,0,0,1,1,1,4,4,4,3,4,4,1,2,2,2,2,1,2,1,3,2,3,3,4,2,3,4,4,4,4,yes,5,9,21,1.5,23,29
sub_88974,92,2,2,2,2,2,2,0,2,2,2,1,1,1,1,0,0,1,1,1,0,3,3,2,4,3,4,1,1,2,2,1,1,2,1,3,1,3,3,2,2,3,4,4,3,3,yes,6,6,24,2,19,31
sub_61468,93,0,0,0,4,3,3,0,3,3,3,2,0,0,0,0,0,0,1,1,0,5,4,4,5,4,5,3,2,2,2,2,2,2,2,3,1,0,4,0,0,0,2,3,1,4,yes,4,0,18,0.833333333333333,27,36
sub_84432,94,2,1,0,3,1,2,0,1,4,3,1,0,1,2,0,0,0,0,2,0,4,4,4,4,5,5,2,3,1,1,1,1,2,1,3,1,3,2,1,2,2,5,4,2,4,yes,5,3,23,1.66666666666667,26,33
sub_97602,95,3,3,3,2,2,2,0,1,2,2,0,1,1,1,0,0,1,1,1,0,4,4,4,4,4,4,2,2,1,1,2,1,0,1,3,2,5,4,3,1,3,4,4,3,5,yes,5,9,24,2.16666666666667,24,32
sub_34110,96,4,4,4,3,3,1,0,1,3,3,2,1,0,2,0,0,0,0,3,0,4,5,2,4,4,4,1,1,0,1,0,1,1,0,3,0,4,2,4,2,3,3,2,6,5,yes,8,12,31,1.66666666666667,23,23
sub_78805,97,1,1,1,1,3,1,0,1,3,3,2,1,2,3,2,0,3,2,2,3,3,3,4,5,4,5,2,2,3,3,3,1,2,1,3,1,5,2,5,1,4,2,4,4,4,yes,18,3,18,2,24,25
sub_74399,98,3,1,1,3,2,3,0,3,3,3,0,1,0,1,0,0,1,1,1,2,4,4,4,3,4,4,1,1,1,2,1,1,2,1,3,2,2,1,4,3,2,3,3,2,3,yes,7,5,24,1.16666666666667,23,25
sub_86742,99,3,3,2,3,3,1,0,3,3,3,1,1,1,0,0,0,1,1,1,2,4,4,4,4,5,5,2,2,1,1,2,2,2,2,3,2,4,2,4,2,2,4,2,5,4,yes,7,8,20,1.33333333333333,26,23
sub_11224,100,1,1,1,1,3,1,0,0,1,1,1,2,1,1,0,0,2,1,1,1,4,4,4,2,5,5,3,3,3,1,2,3,3,1,3,2,6,1,3,6,1,1,2,4,4,yes,9,3,15,2.83333333333333,24,14
sub_11944,101,2,3,4,3,1,1,0,1,3,3,1,2,0,0,0,0,1,1,0,0,5,4,5,4,4,4,1,3,1,1,1,2,1,2,3,1,3,2,2,2,4,4,2,5,3,yes,5,9,23,2,26,27
sub_57953,102,1,0,1,1,1,2,0,2,2,2,0,0,1,2,1,0,1,1,2,1,3,4,2,3,4,4,1,0,1,2,1,1,1,0,3,1,2,3,2,3,4,3,4,2,3,yes,8,2,28,2.33333333333333,20,32
sub_35326,103,4,4,4,3,1,4,0,4,4,3,1,1,1,0,0,1,1,1,3,2,1,1,1,2,4,2,2,2,1,0,0,2,2,0,3,0,5,2,2,1,2,2,4,1,5,yes,10,12,27,0.833333333333333,11,30
sub_81419,104,2,2,2,2,2,2,0,2,3,2,1,1,1,2,0,0,1,1,2,1,4,5,4,5,4,5,1,2,2,1,1,1,1,2,3,1,4,2,4,3,2,2,2,4,3,yes,9,6,24,1.83333333333333,27,20
sub_49516,105,4,3,2,3,1,3,0,0,2,3,0,3,0,0,0,1,2,1,2,0,0,0,2,1,0,0,1,0,0,1,0,0,1,1,3,1,1,6,6,0,2,4,0,0,5,yes,9,9,31,2,3,34
sub_12131,106,1,2,2,2,1,2,0,2,3,3,1,1,1,3,0,0,1,1,2,0,4,4,4,4,3,3,1,1,2,1,1,1,2,1,3,2,2,2,3,2,3,3,4,3,3,yes,9,5,24,1.83333333333333,22,29
sub_39135,107,2,2,2,3,1,3,0,1,3,3,1,0,1,1,1,0,1,1,2,1,2,4,2,3,2,4,2,2,2,1,1,1,2,1,3,2,2,2,3,3,1,2,2,3,2,yes,8,6,22,1.66666666666667,17,22
sub_96999,108,3,2,2,2,1,2,0,1,2,2,1,1,1,1,0,0,1,1,2,1,4,1,5,0,2,1,2,1,1,1,1,2,2,1,3,1,1,2,3,3,1,3,3,4,2,yes,8,7,24,2.33333333333333,13,24
sub_70988,109,3,4,3,3,2,3,0,1,3,3,0,0,1,2,0,0,0,1,2,2,4,4,5,4,5,5,2,2,1,1,2,2,1,1,3,2,4,2,4,3,2,4,3,2,4,yes,7,10,22,1.5,27,26
sub_85946,110,2,3,4,4,3,3,0,3,4,0,1,3,3,2,0,0,2,2,3,1,5,4,5,1,5,5,1,2,1,2,3,1,2,2,3,1,5,2,5,4,4,3,6,4,2,yes,14,9,21,1.16666666666667,25,23
sub_30117,111,3,3,2,3,2,2,0,2,2,2,1,1,1,0,0,0,2,1,2,1,4,4,4,3,4,4,2,2,2,2,2,2,2,2,3,1,3,3,3,1,2,4,4,3,3,yes,8,8,19,1.83333333333333,23,30
sub_81635,112,3,4,4,2,0,0,0,2,3,3,2,1,0,0,0,0,1,2,1,0,5,5,4,3,4,3,2,2,2,2,1,2,2,1,3,1,3,0,4,5,0,4,3,6,4,yes,7,11,21,2.33333333333333,24,17
sub_70981,113,4,2,3,3,2,2,0,2,2,2,1,1,0,1,1,0,0,1,1,1,3,3,3,3,4,3,2,2,2,2,2,2,2,2,3,2,2,2,1,1,1,2,2,3,3,yes,7,9,18,1.83333333333333,19,27
sub_52809,114,4,4,4,1,1,1,0,2,3,1,3,1,1,2,0,0,1,1,3,1,2,3,3,2,3,3,1,1,0,0,1,1,1,0,3,1,4,1,6,5,0,2,0,6,3,yes,12,12,30,2.5,16,9
sub_74932,115,3,2,3,2,1,3,0,1,2,2,1,2,1,1,0,0,1,1,2,2,3,3,4,2,3,4,0,1,2,1,2,0,2,1,3,1,4,1,3,3,2,3,2,4,4,yes,10,8,26,2.16666666666667,19,22
sub_35806,116,3,3,4,3,3,2,0,3,3,3,1,0,1,1,1,0,1,1,2,3,4,4,4,5,5,4,1,0,3,2,2,3,2,1,3,1,2,4,1,0,4,5,5,3,3,yes,10,10,21,1.16666666666667,26,39
sub_28337,117,1,3,3,2,1,1,0,1,3,1,2,1,1,2,0,0,2,2,2,2,5,3,5,5,5,5,1,3,2,2,1,3,3,1,3,2,4,2,5,0,3,5,2,4,4,yes,13,7,18,2.5,28,27
sub_71285,118,2,1,1,4,3,4,0,3,4,4,2,3,1,1,1,1,1,2,2,1,5,6,3,5,4,5,2,2,1,1,1,2,1,1,1,2,3,3,5,3,4,2,2,2,2,no,14,4,23,0.333333333333333,28,24
sub_65181,119,1,0,0,1,3,3,0,1,1,3,3,0,1,1,3,0,0,0,1,2,4,5,4,3,4,2,1,2,1,2,2,1,1,1,3,2,4,6,2,1,6,3,6,2,5,yes,10,1,23,2,22,41
sub_10155,120,3,3,2,3,1,3,0,2,4,4,2,0,1,1,0,0,0,1,1,0,4,4,4,4,5,4,2,2,1,1,2,2,1,1,3,1,4,5,3,1,5,4,4,2,5,yes,5,8,23,1.16666666666667,25,37
sub_96307,121,4,4,4,1,1,1,0,1,3,3,0,1,1,2,0,0,1,0,2,2,3,3,4,4,5,4,1,1,1,0,1,0,1,0,3,1,4,3,4,3,2,4,4,5,4,yes,8,12,30,2.33333333333333,23,25
sub_94686,122,2,1,1,3,3,2,0,2,3,3,1,0,1,1,0,0,1,1,2,1,4,3,4,4,4,3,2,2,2,1,1,2,2,1,3,2,2,3,3,3,2,4,4,4,4,yes,7,4,21,1.33333333333333,22,29
sub_15958,123,3,2,2,3,3,3,0,2,3,3,0,1,1,0,0,0,1,1,1,1,2,2,2,2,2,2,2,2,2,2,2,2,1,1,3,2,3,4,2,2,5,5,5,3,5,yes,5,7,20,1.16666666666667,12,38
sub_33578,124,4,4,3,3,1,0,0,0,3,2,0,1,1,0,0,0,1,1,2,1,2,3,4,5,4,2,1,2,1,1,2,1,2,0,3,1,4,2,2,2,2,2,1,3,3,yes,6,11,25,2.5,20,23
sub_78228,125,4,3,3,2,2,2,0,1,3,1,1,1,1,3,2,1,2,1,2,1,4,4,5,3,4,4,2,2,2,1,1,1,1,1,1,1,6,3,6,5,4,2,4,5,5,no,14,10,24,2.16666666666667,24,20
sub_47770,126,0,1,1,3,3,3,0,1,2,3,1,0,1,1,0,0,0,1,1,0,5,5,5,4,5,4,2,2,2,2,2,1,3,2,3,3,0,2,0,0,2,4,4,2,5,yes,4,2,17,1.5,28,39
sub_86325,127,1,1,0,3,3,3,0,3,3,2,1,0,0,1,0,0,0,1,1,0,4,4,2,4,2,4,2,2,2,2,1,1,2,2,3,1,1,3,2,2,2,3,3,2,3,yes,4,2,21,1.16666666666667,20,31
sub_72358,128,3,3,4,1,3,3,0,3,3,1,3,1,1,1,0,0,0,1,2,0,5,6,5,6,6,4,1,2,2,2,2,3,2,1,3,2,4,2,3,1,3,4,3,4,5,yes,8,10,19,1.66666666666667,32,29
sub_52762,129,4,4,4,1,1,3,0,2,3,3,1,2,1,0,0,0,1,1,1,0,2,0,1,2,1,0,1,2,1,2,1,1,1,1,3,1,5,3,5,3,2,2,1,2,2,yes,6,12,25,1.83333333333333,6,19
sub_74219,130,3,3,4,1,1,1,0,2,3,3,0,1,0,1,0,0,1,2,1,0,4,4,4,4,4,4,3,3,2,2,2,1,3,2,3,2,4,3,4,3,2,2,2,4,4,yes,6,10,16,2.16666666666667,24,22
sub_48179,131,2,1,2,1,3,1,0,1,2,3,1,1,1,2,0,1,1,1,1,1,3,2,2,4,3,4,2,2,1,2,2,2,2,2,3,2,4,3,2,0,0,2,1,2,4,yes,9,5,19,2.16666666666667,18,26
sub_28869,132,2,2,1,3,2,2,0,1,1,3,1,1,1,3,1,1,2,2,2,1,5,4,5,4,4,5,1,2,1,1,2,1,3,1,3,2,1,2,4,4,0,3,2,4,4,yes,14,5,22,2,27,22
sub_31104,133,3,4,4,3,2,3,0,2,3,3,1,1,0,2,0,1,1,1,2,2,4,4,3,3,3,5,2,2,1,1,1,1,2,1,3,1,4,3,5,1,3,4,2,3,3,yes,11,11,24,1.33333333333333,22,26
sub_82378,134,3,2,2,1,1,1,0,1,1,1,2,1,1,0,0,0,0,1,3,0,3,2,4,3,2,3,2,3,2,2,1,2,1,1,3,0,2,4,1,0,2,2,5,4,5,yes,7,7,22,3,17,35
sub_73339,135,2,1,2,2,3,2,0,2,2,3,1,0,0,0,0,0,0,0,2,1,4,4,3,5,3,4,1,2,1,2,1,1,2,1,3,2,3,4,1,2,2,4,4,3,5,yes,4,5,23,1.66666666666667,23,34
sub_17109,136,4,4,4,1,1,1,0,0,1,1,2,2,1,2,1,0,2,2,2,1,2,2,2,4,2,2,2,2,1,1,1,1,2,1,3,2,2,1,4,2,2,4,3,4,4,yes,14,12,23,3.16666666666667,14,26
sub_64376,137,2,1,1,3,2,4,0,3,3,3,1,1,1,2,0,1,1,1,2,1,1,1,2,4,2,1,1,2,0,2,1,2,0,0,3,0,5,5,2,0,4,6,3,0,4,yes,10,4,28,1,11,39
sub_93894,138,2,2,2,1,1,3,0,1,3,3,1,0,0,0,0,0,0,1,1,1,4,4,1,4,4,4,2,2,2,2,1,2,2,2,3,1,2,3,1,2,2,3,2,4,4,yes,4,6,20,2,21,29
sub_63645,139,1,2,2,3,3,3,0,2,3,3,1,2,0,1,0,0,2,0,2,2,5,5,4,6,6,5,2,3,3,3,3,2,3,3,3,2,5,5,4,0,5,5,6,3,6,yes,10,5,12,1.16666666666667,31,39
sub_15641,140,4,3,4,1,1,0,0,0,2,0,2,0,1,0,0,0,1,2,3,0,5,5,4,4,6,5,2,2,2,2,3,2,3,1,3,3,6,0,1,5,0,2,1,6,5,yes,8,11,16,3.33333333333333,29,14
sub_44392,141,3,2,1,1,2,3,0,3,3,3,1,2,1,1,2,0,1,1,2,0,4,5,5,5,4,5,1,2,1,0,2,1,1,1,3,1,3,1,4,4,4,3,3,3,5,yes,10,6,26,1.5,28,26
sub_25041,142,4,3,4,0,1,2,0,0,1,1,1,0,1,2,0,0,1,1,1,2,2,4,4,3,4,3,3,2,3,1,3,2,3,1,3,3,5,4,6,5,1,2,1,5,2,yes,8,11,15,3.16666666666667,20,13
sub_42161,143,1,2,2,2,3,2,0,4,4,3,1,1,1,2,0,0,0,0,1,1,4,4,4,4,2,4,1,3,3,1,1,3,2,2,3,1,3,0,4,4,0,3,2,6,4,yes,6,5,19,1,22,16
sub_69437,144,4,4,3,1,1,1,0,1,1,1,1,3,3,1,0,1,2,2,2,1,3,4,3,5,3,3,1,1,1,0,1,1,1,0,3,0,5,1,4,5,0,2,2,6,3,yes,13,11,30,3,21,12
sub_14954,145,2,1,0,2,1,1,0,1,3,0,0,0,1,1,0,0,0,0,1,0,6,6,4,3,4,6,2,3,2,3,1,2,1,2,3,1,1,1,1,0,3,3,6,4,6,yes,2,3,19,2.66666666666667,29,37
sub_82613,146,3,2,1,3,3,3,0,3,2,2,2,2,1,2,2,0,2,1,2,1,3,4,4,5,3,5,2,2,2,1,2,1,2,1,3,2,4,4,5,4,3,4,4,3,4,yes,14,6,21,1.33333333333333,24,27
sub_92900,147,1,2,3,2,2,2,0,3,3,3,1,0,0,1,0,0,0,1,2,1,4,4,4,4,4,4,3,3,3,3,3,3,2,3,3,1,2,3,0,0,5,5,5,2,5,yes,6,6,12,1.5,24,43
sub_57309,148,0,1,1,3,1,2,0,3,3,2,2,1,0,1,0,0,1,1,3,0,3,3,4,3,3,3,2,2,1,2,2,1,1,1,3,2,3,3,2,1,4,4,4,0,3,yes,9,2,22,1.66666666666667,19,36
sub_85552,149,3,3,3,3,1,3,0,1,3,3,1,0,1,1,0,0,1,1,1,0,4,3,4,3,3,3,1,2,1,2,1,2,1,1,3,1,3,4,4,4,3,4,3,5,4,yes,5,9,24,1.66666666666667,20,26
sub_60979,150,2,2,3,3,3,4,0,1,3,2,0,1,0,0,0,2,1,3,1,1,3,3,2,3,2,4,2,2,2,1,2,2,2,1,3,1,1,2,4,2,3,5,1,0,1,yes,9,7,21,1.33333333333333,17,29
sub_13935,151,3,3,3,2,2,2,0,0,2,1,1,0,1,1,0,0,1,1,2,0,2,4,2,4,4,4,2,2,2,2,1,2,2,2,3,1,2,2,2,2,1,3,2,2,2,yes,6,9,20,2.5,20,26
sub_14742,152,2,2,4,1,0,1,0,3,4,1,1,0,1,0,0,0,1,1,2,2,5,4,3,6,6,5,3,2,3,3,3,3,3,3,3,3,2,4,0,0,4,4,6,2,4,yes,7,8,10,2.33333333333333,29,42
sub_97812,153,2,2,2,2,2,2,0,1,3,2,0,1,0,3,0,0,1,1,1,1,2,3,2,4,2,3,2,2,2,2,2,2,2,2,3,2,4,2,4,1,3,2,2,3,4,yes,8,6,18,2,16,25
sub_43695,154,2,1,2,2,3,2,0,3,4,3,0,1,1,1,0,0,1,1,1,0,5,4,5,2,4,5,1,3,2,2,2,2,2,2,3,1,3,2,4,3,3,4,4,5,2,yes,5,5,19,1.16666666666667,25,24
sub_15497,155,1,1,1,3,1,2,0,2,2,2,1,0,1,2,1,0,1,1,2,1,3,3,3,3,3,3,2,2,2,1,2,2,2,1,3,1,2,3,4,3,3,3,4,3,5,yes,9,3,21,2,18,30
sub_76613,156,2,2,2,4,3,2,0,3,4,3,1,1,1,1,0,1,1,2,3,0,4,5,4,2,1,4,1,1,2,3,1,1,2,2,3,1,2,2,2,4,0,1,0,2,1,yes,10,6,22,0.833333333333333,20,18
sub_90411,157,2,1,2,3,2,2,0,2,3,2,1,0,0,1,0,0,0,1,1,1,4,4,4,3,3,3,2,2,2,2,3,2,2,2,2,2,3,4,4,3,4,4,3,3,3,yes,5,5,17,1.66666666666667,21,29
sub_41648,158,4,3,4,2,2,3,0,3,3,2,2,2,2,1,1,0,1,2,1,2,3,3,3,3,3,3,1,1,1,1,1,1,2,1,3,1,4,2,4,2,2,3,4,4,3,yes,12,11,26,1.5,18,24
sub_70380,159,1,2,1,3,2,1,0,2,3,3,1,2,0,2,0,0,2,1,3,1,3,4,4,2,4,4,1,2,2,2,2,2,2,2,3,3,4,3,5,2,3,4,2,2,3,yes,12,4,18,1.66666666666667,21,26
sub_40517,160,4,3,4,2,3,1,0,2,1,2,0,1,0,1,0,1,1,1,0,0,1,1,1,1,1,1,3,3,3,2,1,3,3,2,3,2,3,5,2,0,2,3,3,2,3,yes,5,11,14,2.16666666666667,6,33
sub_14059,161,1,3,3,3,3,3,0,1,3,3,0,0,0,2,0,0,0,0,2,1,5,5,5,5,4,5,2,2,2,3,3,3,3,1,3,1,3,5,0,0,4,4,4,3,5,yes,5,7,16,1.33333333333333,29,40
sub_30114,162,3,2,1,3,2,3,0,3,4,3,0,0,0,0,0,0,0,2,1,0,4,4,3,5,3,5,3,2,2,2,3,1,3,2,3,2,6,2,3,5,5,4,4,2,6,yes,3,6,16,1,24,29
sub_54077,163,1,2,2,2,1,1,0,1,2,2,0,1,1,0,0,0,1,1,3,0,4,3,4,3,2,4,2,1,2,1,2,2,2,2,3,1,4,4,3,4,2,3,4,3,2,yes,6,5,21,2.5,20,25
sub_65426,164,2,2,2,4,2,3,0,2,3,2,0,1,1,1,1,0,1,1,2,1,5,4,4,4,4,4,2,3,2,1,1,2,2,1,3,1,3,5,3,1,4,4,3,2,4,yes,8,6,21,1.33333333333333,25,35
sub_80716,165,1,1,1,3,2,2,0,4,3,3,1,1,0,0,0,0,1,1,0,0,6,6,5,6,5,6,3,3,3,3,3,2,3,1,3,1,2,4,2,2,4,4,5,2,4,yes,4,3,14,1.16666666666667,34,37
sub_80313,166,2,2,3,3,1,3,0,2,4,3,1,1,1,3,0,0,1,1,1,2,5,5,6,6,5,5,2,1,2,2,2,2,3,2,3,2,0,3,4,1,1,3,2,3,3,yes,10,7,18,1.33333333333333,32,28
sub_22369,167,0,1,2,2,2,1,0,3,3,2,0,2,1,1,0,1,2,0,2,2,5,5,4,5,4,5,2,3,2,1,3,2,3,1,3,1,6,3,5,6,3,4,4,6,5,yes,10,3,18,1.83333333333333,28,20
sub_66493,168,3,2,0,3,2,0,0,1,3,1,2,0,0,1,1,0,0,0,1,1,5,6,1,4,0,4,2,2,1,3,1,3,1,1,3,0,0,2,1,0,4,5,6,2,5,yes,6,5,22,2.33333333333333,20,43
sub_10093,169,1,2,1,4,0,3,0,4,4,3,2,0,0,3,1,0,0,0,1,2,4,4,4,5,4,4,2,2,2,2,3,1,1,2,3,2,4,2,1,1,3,3,3,5,4,yes,9,4,19,1,25,28
sub_40385,170,1,0,3,3,3,3,0,3,3,3,1,1,0,0,0,0,1,1,1,1,4,4,3,4,3,4,1,1,2,3,2,1,2,2,3,1,3,4,3,4,4,4,4,1,3,yes,6,4,21,1,22,32
sub_69378,171,2,2,4,2,3,0,0,0,1,3,1,0,0,0,0,0,0,1,1,1,6,3,5,5,1,3,3,3,3,3,3,3,3,3,3,3,4,1,5,5,0,3,4,5,4,yes,4,8,9,2.5,23,17
sub_84200,172,0,0,3,2,4,2,0,2,4,4,1,1,1,1,0,1,3,1,2,1,6,5,6,4,6,5,0,3,2,2,2,3,2,2,3,2,6,4,6,6,5,6,4,6,6,yes,11,3,18,1,32,25
sub_26288,173,2,2,1,1,2,1,0,1,2,2,2,1,1,3,0,0,1,2,1,3,2,2,3,1,4,2,1,3,2,1,2,2,2,1,3,2,3,1,4,3,2,3,2,3,2,yes,13,5,20,2.5,14,21
sub_78723,174,2,2,1,2,1,1,0,2,3,2,1,3,1,3,0,0,3,2,2,1,3,5,4,2,5,4,0,1,0,2,1,1,2,0,3,0,2,2,5,1,1,1,3,4,3,yes,15,5,29,2.16666666666667,23,22
sub_87547,175,4,3,3,3,3,3,0,1,1,1,0,2,1,1,0,0,0,1,3,2,4,4,4,3,4,4,2,3,2,2,3,3,3,3,3,1,3,5,4,1,3,6,4,2,4,yes,9,10,14,2,23,36
sub_29997,176,2,1,2,1,1,1,0,3,2,1,1,1,1,1,0,0,1,1,2,2,4,5,4,4,4,4,2,3,2,3,1,2,2,1,3,1,4,2,3,3,1,1,2,4,3,yes,9,5,19,2.5,25,19
sub_77686,177,1,2,2,3,3,3,0,4,3,3,1,1,1,0,0,0,1,1,2,2,6,6,6,4,6,6,2,2,1,2,2,2,2,2,3,1,4,2,4,3,1,3,4,3,3,yes,8,5,20,0.833333333333333,34,23
sub_21608,178,1,1,1,3,2,2,0,2,3,3,1,0,1,1,0,0,0,1,1,1,5,5,5,4,4,4,2,2,1,1,2,1,1,1,3,2,4,5,4,3,5,5,5,2,6,yes,5,3,23,1.5,27,37
sub_68551,179,4,4,3,3,2,2,0,1,3,1,3,2,1,3,2,2,2,2,2,2,4,5,4,4,4,4,2,2,3,2,2,2,2,2,3,2,4,2,5,4,4,3,5,4,5,yes,20,11,17,2,25,26
sub_19605,180,4,4,4,3,0,1,0,4,4,3,1,0,0,1,0,0,0,0,1,0,4,3,5,0,0,4,2,3,1,1,1,2,2,1,3,1,3,1,2,1,3,4,3,2,4,yes,3,12,22,1.5,16,31
sub_26580,181,1,1,1,3,1,1,0,1,2,2,1,1,1,1,0,0,1,1,1,0,3,2,1,4,3,2,3,2,2,2,2,2,2,1,3,2,2,3,4,1,3,4,4,2,4,yes,6,3,18,2.33333333333333,15,33
sub_95550,182,0,1,1,2,2,3,0,1,3,3,1,0,2,2,1,0,1,2,2,2,3,4,4,3,4,4,3,2,3,2,3,3,2,2,3,3,5,4,2,4,2,3,3,3,3,yes,11,2,13,1.66666666666667,22,25
sub_31928,183,4,4,4,2,1,1,0,1,2,2,1,1,1,1,0,0,1,1,1,2,4,4,4,2,4,4,2,2,2,1,2,1,2,2,3,2,3,2,3,2,1,4,2,5,4,yes,8,12,20,2.5,22,24
sub_92992,184,1,1,0,4,3,2,0,4,3,3,0,1,1,3,0,0,1,2,1,0,5,5,5,5,5,5,3,2,3,2,3,3,3,2,3,1,2,4,3,1,4,2,3,1,2,yes,8,2,14,0.833333333333333,30,32
sub_71162,185,3,2,3,3,1,3,0,4,3,3,1,3,1,3,0,0,2,1,2,0,3,3,4,4,3,3,2,2,1,0,0,2,1,0,3,0,6,2,6,4,5,1,3,1,4,yes,12,8,28,1.16666666666667,20,22
sub_18323,186,3,1,2,3,2,2,0,3,3,3,1,1,1,1,1,0,1,1,1,0,4,5,4,5,4,4,0,3,2,1,2,3,2,2,3,0,4,2,3,4,4,3,4,3,3,yes,7,6,21,1.33333333333333,26,26
sub_55242,187,1,1,4,3,0,3,0,3,3,0,1,2,0,2,0,0,1,1,0,1,1,0,1,0,1,1,2,2,3,2,3,1,2,2,3,1,1,1,5,1,0,1,0,4,2,yes,8,6,18,2,4,17
sub_70325,188,3,3,3,2,3,0,0,3,0,1,1,1,1,0,0,0,1,1,1,1,2,3,4,2,4,2,2,3,1,1,1,2,2,1,3,2,4,1,6,6,0,1,0,6,3,yes,6,9,21,2.5,17,7
