subID,...1,completed,group,miniSPIN_3_t1,miniSPIN_1_t1,miniSPIN_2_t1,AMI_11_t1,AMI_5_t1,AMI_15_t1,catch_2_t1,AMI_10_t1,AMI_12_t1,AMI_9_t1,PHQ9_7_t1,PHQ9_6_t1,PHQ9_D_t1,PHQ9_3_t1,PHQ9_8_t1,PHQ9_9_t1,PHQ9_2_t1,PHQ9_1_t1,PHQ9_4_t1,PHQ9_5_t1,ERQCR_4_t1,ERQCR_5_t1,ERQCR_1_t1,ERQCR_3_t1,ERQCR_2_t1,ERQCR_6_t1,DAS_4_t1,DAS_9_t1,DAS_2_t1,DAS_5_t1,DAS_6_t1,DAS_7_t1,DAS_8_t1,DAS_3_t1,catch_1_t1,DAS_1_t1,BADS_8_t1,BADS_2_t1,BADS_7_t1,BADS_6_t1,BADS_5_t1,BADS_4_t1,BADS_3_t1,BADS_1_t1,BADS_9_t1,catchQsCorrect_t1,PHQ9_total_t1,miniSPIN_total_t1,DAS_total_t1,AMI_total_t1,ERQCR_total_t1,BADS_total_t1,PHQ9_7_t2,PHQ9_6_t2,PHQ9_D_t2,PHQ9_3_t2,PHQ9_8_t2,PHQ9_9_t2,PHQ9_2_t2,PHQ9_1_t2,PHQ9_4_t2,PHQ9_5_t2,DAS_4_t2,DAS_9_t2,DAS_2_t2,DAS_5_t2,DAS_6_t2,DAS_7_t2,DAS_8_t2,DAS_3_t2,catch_2_t2,DAS_1_t2,miniSPIN_3_t2,miniSPIN_1_t2,miniSPIN_2_t2,AMI_15_t2,AMI_9_t2,AMI_11_t2,AMI_5_t2,AMI_12_t2,AMI_10_t2,ERQCR_4_t2,ERQCR_2_t2,ERQCR_3_t2,ERQCR_6_t2,catch_1_t2,ERQCR_1_t2,ERQCR_5_t2,BADS_8_t2,BADS_2_t2,BADS_7_t2,BADS_6_t2,BADS_5_t2,BADS_4_t2,BADS_3_t2,BADS_1_t2,BADS_9_t2,catchQsCorrect_t2,PHQ9_total_t2,miniSPIN_total_t2,DAS_total_t2,AMI_total_t2,ERQCR_total_t2,BADS_total_t2,PHQ9_total_delta,miniSPIN_total_delta,DAS_total_delta,ERQCR_total_delta,BADS_total_delta,AMI_total_delta
sub_71412,1,TRUE,CR,4,4,4,3,3,4,0,3,3,3,1,1,1,0,0,1,1,1,1,0,4,4,3,2,5,5,1,2,0,0,0,0,0,0,3,0,5,4,3,2,4,4,1,1,3,yes,6,12,33,0.833333333333333,23,29,0,1,0,0,0,0,1,1,0,0,2,3,3,3,3,3,3,1,3,1,3,3,3,4,3,4,3,4,3,6,6,6,6,0,6,6,2,3,1,1,5,5,4,2,4,yes,3,9,14,0.5,36,39,-3,-3,-19,13,10,-0.333333333333333
sub_84361,2,TRUE,CR,4,2,1,1,1,1,0,1,1,0,1,2,1,2,0,0,1,2,2,1,4,5,4,6,4,4,2,1,1,1,0,3,1,0,3,0,5,2,5,1,2,5,2,4,2,yes,11,7,27,3.16666666666667,27,22,2,3,1,2,0,0,1,1,2,2,2,2,1,2,0,3,1,0,3,0,4,3,1,2,1,1,1,2,1,5,4,4,4,0,4,5,4,3,5,1,2,2,1,2,2,yes,13,8,25,2.66666666666667,26,22,2,1,-2,-1,0,-0.5
sub_57127,3,TRUE,BA,1,2,3,3,1,3,0,3,4,3,0,1,0,2,0,1,1,1,2,1,3,3,4,4,4,3,2,0,3,1,2,1,3,1,3,1,3,3,3,1,3,4,2,1,3,yes,9,6,22,1.16666666666667,21,31,0,1,0,2,0,0,1,1,1,1,2,0,2,1,2,1,3,0,3,1,1,1,3,3,3,4,1,3,3,3,4,5,4,0,4,4,4,4,2,1,5,3,2,0,3,yes,7,5,24,1.16666666666667,24,34,-2,-1,2,3,3,0
sub_71604,4,TRUE,CR,4,3,4,0,1,0,0,0,0,0,1,3,2,2,0,0,2,2,3,0,6,5,6,4,6,4,3,2,2,1,1,3,2,1,3,0,2,0,2,2,0,0,1,6,0,yes,13,11,21,3.83333333333333,31,13,0,0,0,1,0,0,0,0,1,0,3,3,3,2,2,2,3,1,3,1,1,1,3,1,1,0,0,1,0,6,5,5,5,0,5,4,2,4,1,0,4,4,4,1,4,yes,2,5,16,3.5,30,40,-11,-6,-5,-1,27,-0.33333333333333
sub_19090,5,TRUE,CR,0,0,0,3,4,3,0,4,4,4,0,0,0,3,0,0,0,0,0,3,6,6,6,6,5,6,2,2,2,2,2,2,2,2,0,1,0,5,0,0,5,6,6,1,6,no,6,0,19,0.333333333333333,35,51,0,0,0,3,0,0,0,0,0,3,2,2,2,2,2,2,2,2,3,2,0,0,0,2,4,3,4,4,3,6,6,6,6,0,6,5,0,5,0,0,5,5,5,1,6,yes,6,0,18,0.666666666666667,35,49,0,0,-1,0,-2,0.333333333333334
sub_69358,6,TRUE,CR,0,0,1,2,3,3,0,3,3,2,2,1,0,1,1,0,0,1,1,0,3,4,4,5,5,4,2,2,1,2,3,2,2,0,3,2,4,6,5,2,5,4,3,4,5,yes,7,1,20,1.33333333333333,25,32,1,0,0,1,1,0,1,0,2,1,2,0,1,1,2,1,1,1,1,0,1,1,2,3,4,3,3,2,1,3,5,4,4,0,4,4,5,3,5,4,5,5,3,2,4,yes,7,4,27,1.33333333333333,24,28,0,3,7,-1,-4,0
sub_23609,7,TRUE,CR,4,2,3,2,2,1,0,2,2,3,1,0,0,3,0,0,0,1,3,2,3,2,3,2,3,3,2,1,1,1,1,2,1,0,3,1,3,2,1,3,1,1,1,6,4,yes,10,9,26,2,16,20,0,0,0,1,0,0,0,1,1,1,2,2,1,1,2,2,2,1,3,1,4,2,1,2,3,2,2,3,2,3,3,3,3,0,4,3,4,3,1,1,3,3,2,2,4,yes,4,7,22,1.66666666666667,19,31,-6,-2,-4,3,11,-0.33333333333333
sub_98260,8,TRUE,BA,2,1,0,3,2,3,0,4,4,1,1,0,1,1,0,0,0,1,0,0,4,3,4,5,4,4,2,2,2,2,2,2,2,2,3,1,0,4,1,0,5,4,4,0,5,yes,3,3,19,1.16666666666667,24,45,0,0,0,2,0,0,0,0,0,0,2,2,3,3,3,3,3,2,3,2,1,0,0,3,2,3,2,4,3,5,5,4,5,0,5,4,0,5,2,0,6,6,5,1,5,yes,2,1,13,1.16666666666667,28,48,-1,-2,-6,4,3,0
sub_21223,9,TRUE,CR,0,0,0,2,1,1,0,1,2,2,0,0,2,1,0,1,3,1,0,1,3,3,3,3,3,3,3,3,3,3,3,3,3,3,3,3,1,4,6,6,5,4,3,2,1,yes,7,0,9,2.5,18,26,0,0,1,1,0,1,3,1,0,0,3,3,3,3,3,3,3,3,3,3,0,0,0,2,2,2,2,2,2,2,2,2,2,0,2,2,1,4,3,1,3,3,3,2,1,yes,6,0,9,2,12,31,-1,0,0,-6,5,-0.5
sub_87953,10,TRUE,CR,2,3,4,2,2,3,0,1,3,3,0,0,0,2,0,0,1,1,2,0,4,4,4,4,4,4,2,3,3,3,3,3,3,3,3,3,0,3,0,0,2,3,1,6,3,yes,6,9,10,1.66666666666667,24,30,0,0,0,2,0,0,1,1,2,0,2,3,3,3,3,3,3,2,3,3,3,3,4,2,2,1,1,2,1,3,4,3,4,0,4,3,0,1,1,0,1,4,1,4,3,yes,6,10,11,2.5,21,29,0,1,1,-3,-1,0.83333333333333
sub_91300,11,TRUE,CR,1,1,2,3,3,1,0,1,3,2,0,1,2,1,0,0,1,1,3,2,2,2,3,4,3,2,1,3,2,2,2,2,2,2,3,3,1,1,3,1,2,2,1,1,2,yes,9,4,17,1.83333333333333,16,26,0,1,2,1,0,0,2,1,3,2,1,2,1,1,2,2,2,2,3,2,1,2,2,1,3,2,3,3,1,3,3,3,3,0,3,3,2,2,2,2,2,2,1,2,2,yes,10,5,21,1.83333333333333,18,25,1,1,4,2,-1,0
sub_46939,12,TRUE,CR,3,2,2,3,3,3,0,1,3,3,3,1,1,2,3,0,1,1,2,1,6,4,5,5,5,5,1,2,2,2,3,1,2,2,3,1,5,4,2,1,4,5,5,2,5,yes,14,7,20,1.33333333333333,30,37,2,1,1,2,3,0,2,1,3,2,1,1,1,2,1,1,2,0,3,0,2,1,2,3,3,3,3,3,4,5,4,4,4,0,4,4,4,4,5,1,5,4,3,3,5,yes,16,5,27,0.833333333333333,25,32,2,-2,7,-5,-5,-0.499999999999997
sub_81432,13,TRUE,BA,3,3,4,3,3,3,0,3,3,3,1,1,1,1,0,1,1,1,1,0,4,3,3,4,4,3,1,1,1,1,1,1,2,0,3,1,2,1,2,3,1,2,2,4,2,yes,7,10,27,1,21,21,1,1,1,1,0,0,1,1,1,0,1,1,1,1,1,1,2,1,3,2,4,3,4,3,2,3,3,3,4,4,4,3,4,0,4,4,2,1,2,2,3,1,1,2,3,yes,6,11,25,1,23,25,-1,1,-2,2,4,0
sub_10015,14,TRUE,BA,2,1,1,3,2,2,0,2,3,3,1,1,0,1,0,0,0,1,1,0,1,1,2,1,4,3,2,3,2,2,2,2,2,1,3,2,3,3,2,2,3,3,4,2,3,yes,5,4,18,1.5,12,31,0,0,0,0,0,0,0,0,0,0,2,2,2,2,2,2,2,2,3,2,2,2,2,3,3,3,3,3,2,4,4,3,4,0,4,4,3,3,1,1,3,3,3,2,3,yes,0,6,18,1.16666666666667,23,32,-5,2,0,11,1,-0.33333333333333
sub_33308,15,TRUE,CR,1,2,3,4,3,2,0,1,4,3,0,3,0,1,1,0,0,1,2,3,5,5,6,3,6,4,3,3,3,3,3,3,3,3,3,2,4,2,5,3,2,3,1,4,4,yes,11,6,10,1.16666666666667,29,20,1,0,0,1,0,0,0,0,0,1,3,3,3,3,3,3,3,3,3,1,1,0,1,4,4,4,3,4,1,6,5,5,5,0,4,5,5,4,1,0,2,4,3,1,5,yes,3,2,11,0.666666666666667,30,35,-8,-4,1,1,15,-0.500000000000003
sub_36911,16,TRUE,BA,4,4,4,3,0,2,0,2,3,4,1,1,1,1,0,0,1,1,0,0,3,4,3,4,4,4,2,2,2,1,1,2,3,1,3,1,4,4,0,0,4,3,0,1,2,yes,5,12,21,1.66666666666667,22,32,0,0,0,0,0,0,1,1,0,0,3,1,3,1,2,3,3,1,3,1,4,4,4,2,3,3,1,3,2,4,4,4,4,0,3,3,0,3,0,1,3,2,2,0,3,yes,2,12,18,1.66666666666667,22,36,-3,0,-3,0,4,0
sub_73083,17,TRUE,BA,3,3,3,3,0,1,0,2,3,3,1,2,1,1,0,0,1,1,1,1,3,2,2,1,1,1,1,1,2,2,1,1,1,1,3,1,5,4,5,4,4,2,4,3,3,yes,8,9,25,2,10,24,1,2,1,1,0,0,3,1,1,1,1,2,1,1,1,1,2,1,3,1,3,3,3,3,2,4,0,3,1,1,1,1,1,0,2,1,4,5,6,5,5,5,5,0,4,yes,10,9,25,1.83333333333333,7,33,2,0,0,-3,9,-0.16666666666667
sub_57480,18,TRUE,CR,0,1,3,3,3,3,0,3,3,3,1,1,1,1,0,1,1,0,1,1,5,5,4,5,4,5,2,2,2,2,2,2,2,2,3,2,3,4,4,1,4,5,5,3,5,yes,7,4,18,1,28,36,1,1,1,0,0,0,1,1,1,1,2,2,2,3,3,2,2,2,3,2,1,1,4,4,3,3,3,4,4,5,4,5,5,0,4,5,2,3,4,2,2,3,2,2,3,yes,6,6,16,0.5,28,27,-1,2,-2,0,-9,-0.5
sub_71432,19,TRUE,CR,2,4,4,3,1,2,0,1,2,2,2,0,1,1,0,0,1,1,1,0,3,4,3,2,4,3,3,2,1,1,2,2,3,1,3,2,4,2,4,4,1,1,2,5,2,yes,6,10,19,2.16666666666667,19,15,0,0,0,0,0,0,0,0,1,0,3,2,2,2,3,2,3,1,3,2,2,3,4,2,2,3,2,3,3,4,3,4,4,0,3,4,3,4,2,0,3,4,3,2,3,yes,1,9,16,1.5,22,34,-5,-1,-3,3,19,-0.66666666666667
sub_82988,20,TRUE,BA,3,2,3,2,1,1,0,1,3,1,3,2,1,3,0,0,1,1,3,3,3,1,2,1,2,1,1,2,2,1,1,2,2,1,3,2,4,2,3,2,2,3,3,4,2,yes,16,8,22,2.5,10,23,1,0,1,2,0,0,1,1,2,1,2,2,2,2,2,2,2,1,3,2,3,2,3,1,1,2,2,2,1,4,4,3,3,0,4,2,2,3,2,2,3,4,3,4,3,yes,8,8,19,2.5,20,30,-8,0,-3,10,7,0
sub_35850,21,TRUE,CR,0,1,1,3,3,3,0,1,3,3,1,0,1,2,0,0,1,1,2,2,6,6,6,6,6,6,2,3,3,3,3,2,2,3,3,3,3,2,1,2,2,3,2,2,4,yes,9,2,12,1.33333333333333,36,29,0,0,1,0,0,0,1,1,1,1,2,3,3,3,3,2,3,3,3,3,0,0,1,4,4,3,4,3,2,6,6,6,6,0,6,6,3,2,2,0,2,3,3,2,2,yes,4,1,11,0.666666666666667,36,29,-5,-1,-1,0,0,-0.666666666666663
sub_60844,22,TRUE,BA,4,4,3,3,2,3,0,1,2,2,0,1,0,0,0,0,1,1,1,0,4,4,3,2,4,3,2,1,1,1,2,1,2,1,3,1,2,2,2,0,2,3,2,4,3,yes,4,11,24,1.83333333333333,20,28,0,0,0,0,0,0,0,0,1,0,2,2,1,2,2,2,2,2,3,1,4,3,3,3,2,2,3,3,2,4,4,5,4,0,4,4,4,3,0,2,4,3,3,2,4,yes,1,10,20,1.5,25,33,-3,-1,-4,5,5,-0.33333333333333
sub_11906,23,TRUE,BA,2,2,3,2,3,2,0,1,3,3,0,1,0,1,0,0,1,0,1,1,5,4,4,5,4,5,2,2,3,2,2,2,2,1,3,2,3,4,1,2,3,5,4,2,5,yes,5,7,18,1.66666666666667,27,37,1,0,0,1,0,0,1,1,2,1,3,2,3,2,2,2,2,1,3,2,1,2,2,3,3,2,3,3,1,5,4,5,5,0,4,4,2,2,1,0,3,4,4,2,4,yes,7,5,17,1.5,27,36,2,-2,-1,0,-1,-0.16666666666667
sub_46077,24,TRUE,BA,3,3,4,3,1,3,0,3,3,2,1,3,0,1,0,1,1,0,0,0,2,2,2,1,4,4,2,3,2,1,2,3,2,2,3,2,4,1,5,2,3,2,2,4,2,yes,7,10,17,1.5,15,19,1,3,0,2,0,2,2,0,1,0,2,2,2,1,3,2,3,2,3,2,4,4,4,2,1,2,1,3,3,2,3,1,2,0,2,2,3,1,5,4,1,1,4,4,2,yes,11,12,17,2,12,17,4,2,0,-3,-2,0.5
sub_88446,25,TRUE,BA,4,4,4,1,0,0,0,1,3,1,2,1,1,2,2,0,3,1,3,3,2,2,2,2,2,2,2,1,1,1,0,2,2,0,3,0,6,0,6,4,1,1,6,6,6,yes,17,12,27,3,12,16,1,1,0,1,0,0,1,1,1,2,3,2,3,2,3,3,3,1,3,0,4,2,3,3,3,3,1,3,4,6,6,6,6,0,6,6,4,4,1,1,4,5,5,2,5,yes,8,9,16,1.16666666666667,36,39,-9,-3,-11,24,23,-1.83333333333333
sub_87732,26,TRUE,BA,1,1,0,3,1,1,0,3,4,3,1,2,1,2,1,0,2,1,2,1,5,4,2,5,4,4,2,1,2,1,2,2,2,2,3,2,5,2,4,4,2,1,4,6,4,yes,12,2,20,1.5,24,18,1,1,1,2,1,0,1,1,2,1,2,2,3,1,2,1,2,1,3,2,0,0,0,1,3,1,1,4,3,5,2,2,2,0,5,4,4,4,1,2,4,2,5,2,2,yes,10,0,20,1.83333333333333,20,32,-2,-2,0,-4,14,0.33333333333333
sub_92526,27,TRUE,CR,4,3,3,3,4,1,0,3,3,3,0,0,0,3,0,0,0,0,2,2,6,5,4,6,5,6,3,3,2,2,3,2,2,2,3,3,0,3,1,0,1,3,4,5,6,yes,7,10,14,1.16666666666667,32,35,0,0,0,3,0,0,0,0,2,1,3,3,2,3,3,2,2,3,3,1,2,1,3,1,2,3,3,3,3,5,5,5,5,0,5,4,2,3,2,2,2,4,6,1,5,yes,6,6,14,1.5,29,37,-1,-4,0,-3,2,0.33333333333333
sub_61387,28,TRUE,CR,3,4,4,3,0,2,0,0,2,2,0,1,1,2,0,1,1,2,2,1,2,1,3,1,4,1,1,1,1,1,2,1,2,1,3,2,5,3,5,5,1,3,1,6,2,yes,10,11,24,2.5,12,13,1,1,2,2,2,0,2,2,1,2,1,1,1,1,1,1,2,1,3,2,2,4,4,3,2,1,0,1,1,3,3,2,2,0,3,2,5,1,4,5,0,1,1,5,2,yes,13,10,25,2.66666666666667,15,10,3,-1,1,3,-3,0.16666666666667
sub_83995,29,TRUE,CR,2,1,3,3,3,3,0,2,3,3,1,1,0,0,0,0,0,0,1,0,4,4,6,4,3,4,2,3,2,2,2,2,2,2,3,1,3,4,2,1,5,4,4,2,4,yes,3,6,18,1.16666666666667,25,37,1,3,1,1,0,0,1,0,1,1,2,2,1,2,2,2,2,1,3,1,2,2,3,2,3,3,3,4,4,5,5,3,5,0,6,4,4,4,3,1,5,4,5,2,4,yes,8,7,21,0.833333333333333,28,36,5,1,3,3,-1,-0.333333333333337
sub_17360,30,TRUE,CR,3,3,2,1,2,1,0,1,3,1,1,1,1,1,0,0,2,1,1,2,4,3,3,3,4,4,2,2,1,2,2,2,1,1,3,1,4,2,3,3,1,2,2,4,3,yes,9,8,22,2.5,21,20,1,2,1,2,0,0,2,1,1,3,1,2,1,1,1,2,1,1,3,1,3,4,2,1,2,1,2,1,0,3,3,3,2,0,2,2,2,2,3,2,1,2,1,3,2,yes,12,9,25,2.83333333333333,15,22,3,1,3,-6,2,0.33333333333333
sub_98693,31,TRUE,BA,1,1,1,3,3,3,0,2,3,3,0,0,1,2,0,0,0,0,1,0,5,5,5,5,5,5,2,2,3,3,2,2,3,2,3,1,0,4,4,0,4,4,3,2,4,yes,3,3,16,1.16666666666667,30,37,0,0,0,1,0,0,0,0,2,1,3,3,3,3,3,3,3,3,3,1,2,1,1,4,4,4,3,4,2,5,5,4,5,0,5,5,0,5,2,0,6,6,6,1,6,yes,4,4,11,0.5,29,50,1,1,-5,-1,13,-0.66666666666667
sub_21248,32,TRUE,BA,4,4,4,3,1,2,0,2,2,1,1,1,0,3,1,1,1,1,1,0,4,5,4,4,4,4,2,0,1,1,1,1,2,1,3,2,4,2,4,1,1,1,1,4,4,yes,10,12,25,2.16666666666667,25,20,0,0,0,0,0,0,0,0,0,0,2,1,2,1,1,1,2,1,3,2,4,4,3,1,2,3,1,2,1,4,4,4,4,0,4,4,2,4,2,0,3,3,3,2,4,yes,0,11,23,2.33333333333333,24,35,-10,-1,-2,-1,15,0.16666666666666
sub_73010,33,TRUE,BA,2,2,0,2,2,3,0,4,4,3,2,1,0,0,0,0,0,0,0,2,6,4,4,5,4,5,1,3,3,3,3,2,2,1,3,0,5,5,3,0,3,3,6,5,5,yes,5,4,18,1,28,33,3,0,1,0,0,0,0,0,0,0,2,3,2,3,3,2,2,1,3,1,1,1,0,3,2,2,2,2,4,4,4,4,4,0,4,3,0,6,4,0,5,6,5,2,2,yes,3,2,17,1.5,23,42,-2,-2,-1,-5,9,0.5
sub_26100,34,TRUE,BA,3,3,2,1,2,1,0,3,3,1,1,1,1,2,0,0,1,1,1,2,4,4,4,5,4,4,2,3,1,3,2,1,1,2,3,1,2,3,5,2,2,3,2,6,3,yes,9,8,20,2.16666666666667,25,22,1,1,0,0,0,0,1,0,1,0,2,3,2,3,2,1,1,3,3,1,3,3,1,2,1,1,1,1,3,4,5,5,5,0,5,5,3,3,5,1,2,2,2,5,3,yes,4,7,18,2.5,29,22,-5,-1,-2,4,0,0.33333333333333
sub_62716,35,TRUE,CR,0,0,0,4,3,3,0,3,4,4,0,0,0,1,1,0,0,0,1,0,6,5,5,6,5,5,2,3,1,3,3,2,2,3,3,3,0,6,0,1,6,6,6,1,6,yes,3,0,14,0.5,32,52,0,0,0,0,0,0,0,0,0,0,3,3,3,3,3,3,3,3,3,3,0,0,0,3,4,4,3,4,3,6,4,6,2,0,6,3,0,6,0,0,6,6,6,0,6,yes,0,0,9,0.5,27,54,-3,0,-5,-5,2,0
sub_46794,36,TRUE,BA,2,2,3,3,2,2,0,3,1,2,2,1,1,2,0,0,2,2,2,2,4,6,4,5,4,4,3,3,3,2,2,2,3,2,3,1,0,2,5,3,0,2,1,5,2,yes,13,7,15,1.83333333333333,27,18,2,1,2,3,0,0,2,1,3,3,3,3,2,2,0,3,3,1,3,0,2,2,3,2,1,2,1,2,4,3,4,5,3,0,3,4,2,1,6,0,0,0,0,4,1,yes,15,7,19,2,22,14,2,0,4,-5,-4,0.16666666666667
sub_85338,37,TRUE,BA,2,3,2,1,2,1,0,3,2,2,2,0,1,2,0,0,1,1,1,2,4,4,4,4,4,4,2,2,1,1,1,1,2,1,3,1,3,2,1,3,1,1,1,4,3,yes,9,7,24,2.16666666666667,24,21,1,0,1,1,0,0,1,1,1,1,2,2,1,2,2,1,1,1,3,1,2,1,2,2,2,3,2,3,2,5,6,4,4,0,6,4,3,1,1,1,2,3,2,2,3,yes,6,5,23,1.66666666666667,29,28,-3,-2,-1,5,7,-0.5
sub_71640,38,TRUE,CR,3,1,3,4,2,3,0,2,4,4,1,0,1,1,0,0,0,1,0,0,6,6,5,5,5,5,2,2,2,3,2,2,2,1,3,1,1,4,2,1,4,5,4,1,5,yes,3,7,19,0.833333333333333,32,41,2,1,1,1,0,0,1,1,2,0,3,3,2,2,2,3,2,1,3,1,3,3,4,4,3,3,2,4,1,6,5,5,4,0,5,4,1,2,0,0,3,3,1,2,4,yes,8,10,17,1.16666666666667,29,34,5,3,-2,-3,-7,0.333333333333337
sub_22349,39,TRUE,BA,3,4,3,1,1,0,0,0,2,1,3,1,1,0,0,0,1,2,1,2,4,2,4,2,4,4,1,2,2,0,2,2,2,0,3,2,5,1,5,3,1,2,3,5,3,yes,10,10,23,3.16666666666667,20,16,2,1,0,1,0,0,1,1,1,1,2,2,2,0,3,2,2,1,3,2,3,2,3,1,3,1,2,3,1,5,5,3,5,0,5,4,5,2,4,4,2,4,5,4,4,yes,8,8,20,2.16666666666667,27,24,-2,-2,-3,7,8,-1
sub_44782,40,TRUE,BA,3,4,4,3,2,3,0,3,3,2,1,3,2,1,0,1,2,2,1,3,5,6,5,4,6,6,2,3,3,1,1,3,3,0,3,1,5,3,4,5,3,3,2,2,5,yes,14,11,19,1.33333333333333,32,24,1,2,2,2,0,0,2,2,1,3,1,3,2,0,0,2,2,0,3,0,4,4,4,3,3,3,1,4,3,5,6,5,6,0,5,6,4,1,5,4,3,2,1,2,4,yes,13,12,26,1.16666666666667,33,20,-1,1,7,1,-4,-0.16666666666666
sub_50563,41,TRUE,BA,2,2,4,1,1,1,0,4,3,3,0,0,1,3,0,0,0,0,1,3,4,5,5,4,5,5,2,2,2,2,2,2,2,1,3,1,4,2,1,0,5,4,4,3,4,yes,7,8,20,1.83333333333333,28,35,1,0,0,2,0,0,0,0,2,2,2,2,2,2,1,2,2,1,3,0,2,2,4,3,2,3,3,3,4,5,5,5,5,0,5,6,5,5,1,1,5,4,5,2,5,yes,7,8,22,1,31,39,0,0,2,3,4,-0.83333333333333
sub_71979,42,TRUE,BA,3,2,1,3,1,3,0,2,3,3,1,2,1,2,0,0,1,1,2,0,4,6,4,5,4,6,3,3,3,2,1,3,1,1,3,1,2,2,2,4,2,3,4,5,3,yes,9,6,18,1.5,29,25,0,1,1,0,0,0,1,0,0,0,2,3,3,2,2,3,2,1,3,1,3,3,2,2,3,3,2,3,1,5,5,4,5,0,5,5,0,2,1,0,2,3,4,3,3,yes,2,8,17,1.66666666666667,29,34,-7,2,-1,0,9,0.16666666666667
sub_88974,43,TRUE,BA,2,2,2,2,2,2,0,2,2,2,1,1,1,1,0,0,1,1,1,0,3,3,2,4,3,4,1,1,2,2,1,1,2,1,3,1,3,3,2,2,3,4,4,3,3,yes,6,6,24,2,19,31,1,1,1,1,0,0,1,1,1,1,1,2,2,2,2,2,2,2,3,1,1,2,1,2,2,2,2,2,3,4,4,5,4,0,4,4,3,4,4,2,4,4,4,2,3,yes,7,4,20,1.83333333333333,25,32,1,-2,-4,6,1,-0.16666666666667
sub_61468,44,TRUE,CR,0,0,0,4,3,3,0,3,3,3,2,0,0,0,0,0,0,1,1,0,5,4,4,5,4,5,3,2,2,2,2,2,2,2,3,1,0,4,0,0,0,2,3,1,4,yes,4,0,18,0.833333333333333,27,36,2,0,0,0,0,0,0,0,1,0,2,2,2,3,2,3,3,2,3,1,0,0,1,3,3,3,3,4,3,4,4,4,4,0,3,4,4,4,0,0,1,4,3,2,6,yes,3,1,16,0.833333333333333,23,36,-1,1,-2,-4,0,0
sub_84432,45,TRUE,CR,2,1,0,3,1,2,0,1,4,3,1,0,1,2,0,0,0,0,2,0,4,4,4,4,5,5,2,3,1,1,1,1,2,1,3,1,3,2,1,2,2,5,4,2,4,yes,5,3,23,1.66666666666667,26,33,1,0,1,2,0,0,2,1,3,1,2,3,1,2,2,2,2,1,3,1,0,1,0,3,4,4,1,4,3,5,4,5,5,0,4,5,6,1,6,2,1,4,2,2,4,yes,10,1,20,0.833333333333333,28,20,5,-2,-3,2,-13,-0.833333333333337
sub_97602,46,TRUE,CR,3,3,3,2,2,2,0,1,2,2,0,1,1,1,0,0,1,1,1,0,4,4,4,4,4,4,2,2,1,1,2,1,0,1,3,2,5,4,3,1,3,4,4,3,5,yes,5,9,24,2.16666666666667,24,32,1,1,0,1,0,0,1,1,1,1,2,2,1,2,3,2,1,1,3,2,3,2,3,1,2,2,2,3,2,4,4,4,4,1,4,4,2,4,1,0,4,4,3,2,4,yes,7,8,20,2,24,38,2,-1,-4,0,6,-0.16666666666667
sub_74399,47,TRUE,BA,3,1,1,3,2,3,0,3,3,3,0,1,0,1,0,0,1,1,1,2,4,4,4,3,4,4,1,1,1,2,1,1,2,1,3,2,2,1,4,3,2,3,3,2,3,yes,7,5,24,1.16666666666667,23,25,0,1,1,0,0,0,1,1,1,2,2,1,1,2,2,1,2,2,3,2,2,2,2,3,3,3,3,4,3,4,4,5,4,0,4,4,3,3,4,2,1,2,2,2,3,yes,6,6,21,0.833333333333333,25,24,-1,1,-3,2,-1,-0.333333333333337
sub_11224,48,TRUE,BA,1,1,1,1,3,1,0,0,1,1,1,2,1,1,0,0,2,1,1,1,4,4,4,2,5,5,3,3,3,1,2,3,3,1,3,2,6,1,3,6,1,1,2,4,4,yes,9,3,15,2.83333333333333,24,14,1,1,1,0,0,0,1,1,1,2,3,3,3,1,2,3,3,1,3,3,1,1,3,2,2,3,3,1,0,6,5,5,6,0,6,5,5,3,2,4,4,4,4,1,4,yes,7,5,14,2.16666666666667,33,31,-2,2,-1,9,17,-0.66666666666666
sub_11944,49,TRUE,BA,2,3,4,3,1,1,0,1,3,3,1,2,0,0,0,0,1,1,0,0,5,4,5,4,4,4,1,3,1,1,1,2,1,2,3,1,3,2,2,2,4,4,2,5,3,yes,5,9,23,2,26,27,0,1,0,0,0,0,0,0,1,0,2,2,2,2,2,2,2,2,3,1,1,2,4,1,1,3,2,3,1,5,4,5,5,0,5,4,3,3,2,3,4,4,4,2,4,yes,2,7,19,2.16666666666667,28,33,-3,-2,-4,2,6,0.16666666666667
sub_35326,50,TRUE,CR,4,4,4,3,1,4,0,4,4,3,1,1,1,0,0,1,1,1,3,2,1,1,1,2,4,2,2,2,1,0,0,2,2,0,3,0,5,2,2,1,2,2,4,1,5,yes,10,12,27,0.833333333333333,11,30,1,1,1,2,0,1,1,1,3,1,2,2,1,0,0,2,1,0,3,0,4,3,3,3,3,3,2,3,4,2,2,4,4,0,2,3,1,4,1,1,4,3,5,2,2,yes,11,10,28,1,17,37,1,-2,1,6,7,0.166666666666667
sub_81419,51,TRUE,CR,2,2,2,2,2,2,0,2,3,2,1,1,1,2,0,0,1,1,2,1,4,5,4,5,4,5,1,2,2,1,1,1,1,2,3,1,4,2,4,3,2,2,2,4,3,yes,9,6,24,1.83333333333333,27,20,1,1,1,2,0,0,1,1,2,1,1,2,1,2,1,2,1,2,3,1,2,2,3,2,3,2,3,3,2,4,4,4,4,0,4,5,4,2,3,3,2,3,2,3,3,yes,9,7,23,1.5,25,23,0,1,-1,-2,3,-0.33333333333333
sub_39135,52,TRUE,CR,2,2,2,3,1,3,0,1,3,3,1,0,1,1,1,0,1,1,2,1,2,4,2,3,2,4,2,2,2,1,1,1,2,1,3,2,2,2,3,3,1,2,2,3,2,yes,8,6,22,1.66666666666667,17,22,1,0,1,1,0,0,0,1,1,2,2,2,2,2,3,2,3,2,3,2,2,1,1,3,1,3,3,3,1,4,4,4,4,0,4,3,2,2,2,3,1,2,1,3,3,yes,6,4,16,1.66666666666667,23,23,-2,-2,-6,6,1,0
sub_96999,53,TRUE,BA,3,2,2,2,1,2,0,1,2,2,1,1,1,1,0,0,1,1,2,1,4,1,5,0,2,1,2,1,1,1,1,2,2,1,3,1,1,2,3,3,1,3,3,4,2,yes,8,7,24,2.33333333333333,13,24,0,0,0,2,0,0,1,1,1,1,1,1,1,2,1,2,2,1,3,1,3,3,3,3,1,2,2,3,2,3,1,4,3,0,5,3,1,2,3,3,3,2,2,4,2,yes,6,9,24,1.83333333333333,19,24,-2,2,0,6,0,-0.5
sub_85946,54,TRUE,BA,2,3,4,4,3,3,0,3,4,0,1,3,3,2,0,0,2,2,3,1,5,4,5,1,5,5,1,2,1,2,3,1,2,2,3,1,5,2,5,4,4,3,6,4,2,yes,14,9,21,1.16666666666667,25,23,1,2,3,1,0,0,2,2,3,1,1,2,2,2,2,2,3,2,3,2,3,3,4,3,1,3,3,3,3,5,5,2,5,0,5,2,2,2,4,0,1,2,4,4,1,yes,12,10,18,1.33333333333333,24,24,-2,1,-3,-1,1,0.16666666666666
sub_30117,55,TRUE,BA,3,3,2,3,2,2,0,2,2,2,1,1,1,0,0,0,2,1,2,1,4,4,4,3,4,4,2,2,2,2,2,2,2,2,3,1,3,3,3,1,2,4,4,3,3,yes,8,8,19,1.83333333333333,23,30,1,1,1,0,0,0,1,1,2,1,2,2,2,2,2,2,2,2,3,1,3,2,2,2,2,3,2,3,2,4,4,4,4,0,4,4,3,4,4,2,3,3,3,3,4,yes,7,7,19,1.66666666666667,24,29,-1,-1,0,1,-1,-0.16666666666666
sub_74932,56,TRUE,BA,3,2,3,2,1,3,0,1,2,2,1,2,1,1,0,0,1,1,2,2,3,3,4,2,3,4,0,1,2,1,2,0,2,1,3,1,4,1,3,3,2,3,2,4,4,yes,10,8,26,2.16666666666667,19,22,0,0,1,1,0,0,1,1,1,1,1,2,2,1,2,1,2,1,3,1,3,2,3,2,1,2,2,2,1,4,4,3,4,0,4,4,2,4,1,3,4,4,4,3,4,yes,5,8,23,2.33333333333333,23,35,-5,0,-3,4,13,0.16666666666666
sub_28337,57,TRUE,CR,1,3,3,2,1,1,0,1,3,1,2,1,1,2,0,0,2,2,2,2,5,3,5,5,5,5,1,3,2,2,1,3,3,1,3,2,4,2,5,0,3,5,2,4,4,yes,13,7,18,2.5,28,27,1,1,1,2,0,0,1,1,2,2,1,2,2,1,1,2,2,1,3,2,2,3,3,1,1,1,1,1,0,2,4,2,2,0,4,2,4,2,4,4,2,2,2,4,4,yes,10,8,22,3.16666666666667,16,20,-3,1,4,-12,-7,0.66666666666667
sub_71285,58,TRUE,CR,2,1,1,4,3,4,0,3,4,4,2,3,1,1,1,1,1,2,2,1,5,6,3,5,4,5,2,2,1,1,1,2,1,1,1,2,3,3,5,3,4,2,2,2,2,no,14,4,23,0.333333333333333,28,24,1,0,1,0,0,0,1,2,1,0,2,2,2,2,1,2,2,1,3,2,2,2,1,2,3,4,3,3,2,4,5,4,4,0,4,4,2,2,3,2,2,4,2,3,3,yes,5,5,20,1.16666666666667,25,27,-9,1,-3,-3,3,0.833333333333337
sub_65181,59,TRUE,BA,1,0,0,1,3,3,0,1,1,3,3,0,1,1,3,0,0,0,1,2,4,5,4,3,4,2,1,2,1,2,2,1,1,1,3,2,4,6,2,1,6,3,6,2,5,yes,10,1,23,2,22,41,2,0,0,2,1,0,0,0,1,2,1,2,1,2,2,2,2,1,3,3,2,1,0,3,3,3,3,2,1,5,5,5,5,0,5,4,2,4,0,1,4,4,4,2,5,yes,8,3,20,1.5,29,40,-2,2,-3,7,-1,-0.5
sub_96307,60,TRUE,BA,4,4,4,1,1,1,0,1,3,3,0,1,1,2,0,0,1,0,2,2,3,3,4,4,5,4,1,1,1,0,1,0,1,0,3,1,4,3,4,3,2,4,4,5,4,yes,8,12,30,2.33333333333333,23,25,0,1,1,1,0,0,1,0,1,2,0,1,1,1,0,1,1,1,3,1,4,3,4,1,3,1,1,3,0,5,4,4,5,0,4,4,4,3,5,4,2,3,3,2,4,yes,6,11,29,2.5,26,24,-2,-1,-1,3,-1,0.16666666666667
sub_28869,61,TRUE,CR,2,2,1,3,2,2,0,1,1,3,1,1,1,3,1,1,2,2,2,1,5,4,5,4,4,5,1,2,1,1,2,1,3,1,3,2,1,2,4,4,0,3,2,4,4,yes,14,5,22,2,27,22,0,1,1,3,0,0,1,1,2,1,1,2,1,1,2,2,3,1,3,2,2,2,2,2,2,3,2,1,0,4,5,4,4,0,5,4,2,2,3,5,2,2,0,6,3,yes,9,6,21,2.33333333333333,26,17,-5,1,-1,-1,-5,0.33333333333333
sub_31104,62,TRUE,CR,3,4,4,3,2,3,0,2,3,3,1,1,0,2,0,1,1,1,2,2,4,4,3,3,3,5,2,2,1,1,1,1,2,1,3,1,4,3,5,1,3,4,2,3,3,yes,11,11,24,1.33333333333333,22,26,0,1,0,1,0,0,1,1,2,1,2,1,1,1,1,1,2,1,3,1,3,3,4,2,1,2,2,3,3,3,3,2,3,0,4,3,3,2,3,3,1,2,2,3,2,yes,7,10,25,1.83333333333333,18,21,-4,-1,1,-4,-5,0.5
sub_82378,63,TRUE,BA,3,2,2,1,1,1,0,1,1,1,2,1,1,0,0,0,0,1,3,0,3,2,4,3,2,3,2,3,2,2,1,2,1,1,3,0,2,4,1,0,2,2,5,4,5,yes,7,7,22,3,17,35,3,2,2,1,0,1,1,2,3,1,1,3,1,1,0,1,1,1,3,1,3,2,3,1,1,1,1,2,1,2,1,2,2,0,2,1,5,2,6,1,4,4,4,5,5,yes,14,8,26,2.83333333333333,10,26,7,1,4,-7,-9,-0.16666666666667
sub_17109,64,TRUE,BA,4,4,4,1,1,1,0,0,1,1,2,2,1,2,1,0,2,2,2,1,2,2,2,4,2,2,2,2,1,1,1,1,2,1,3,2,2,1,4,2,2,4,3,4,4,yes,14,12,23,3.16666666666667,14,26,0,1,1,0,0,0,1,1,2,0,1,2,2,1,2,1,3,1,3,3,4,4,4,0,1,3,1,3,0,5,4,5,5,0,4,4,6,1,4,0,2,3,3,4,5,yes,5,12,20,2.66666666666667,27,24,-9,0,-3,13,-2,-0.5
sub_93894,65,TRUE,CR,2,2,2,1,1,3,0,1,3,3,1,0,0,0,0,0,0,1,1,1,4,4,1,4,4,4,2,2,2,2,1,2,2,2,3,1,2,3,1,2,2,3,2,4,4,yes,4,6,20,2,21,29,0,0,0,0,0,0,0,1,1,0,2,2,2,2,1,2,2,2,3,1,1,1,2,3,3,3,1,3,1,4,4,4,4,0,4,4,2,2,1,1,2,4,2,3,3,yes,2,4,20,1.66666666666667,24,30,-2,-2,0,3,1,-0.33333333333333
sub_15641,66,TRUE,CR,4,3,4,1,1,0,0,0,2,0,2,0,1,0,0,0,1,2,3,0,5,5,4,4,6,5,2,2,2,2,3,2,3,1,3,3,6,0,1,5,0,2,1,6,5,yes,8,11,16,3.33333333333333,29,14,3,1,2,1,0,1,2,2,3,1,3,2,2,1,3,2,3,2,3,3,4,3,4,0,0,1,1,0,0,3,5,4,5,0,4,4,6,0,1,4,0,0,0,6,3,yes,14,11,15,3.66666666666667,25,10,6,0,-1,-4,-4,0.33333333333334
sub_25041,67,TRUE,BA,4,3,4,0,1,2,0,0,1,1,1,0,1,2,0,0,1,1,1,2,2,4,4,3,4,3,3,2,3,1,3,2,3,1,3,3,5,4,6,5,1,2,1,5,2,yes,8,11,15,3.16666666666667,20,13,0,1,1,1,0,0,0,1,1,2,3,2,3,2,3,3,3,1,3,2,3,3,4,3,2,1,3,1,0,4,4,5,4,0,4,4,3,3,2,1,3,4,2,2,3,yes,6,10,14,2.33333333333333,25,31,-2,-1,-1,5,18,-0.83333333333334
sub_42161,68,TRUE,CR,1,2,2,2,3,2,0,4,4,3,1,1,1,2,0,0,0,0,1,1,4,4,4,4,2,4,1,3,3,1,1,3,2,2,3,1,3,0,4,4,0,3,2,6,4,yes,6,5,19,1,22,16,0,0,0,1,0,0,0,0,0,1,2,3,2,2,2,3,3,3,3,2,1,1,1,2,3,3,3,3,3,5,4,4,4,0,4,4,1,5,0,0,3,5,5,0,4,yes,2,3,14,1.16666666666667,25,45,-4,-2,-5,3,29,0.16666666666667
sub_69437,69,TRUE,BA,4,4,3,1,1,1,0,1,1,1,1,3,3,1,0,1,2,2,2,1,3,4,3,5,3,3,1,1,1,0,1,1,1,0,3,0,5,1,4,5,0,2,2,6,3,yes,13,11,30,3,21,12,1,1,1,1,0,1,1,1,1,1,1,1,1,0,2,2,2,1,3,1,4,4,3,1,2,3,1,2,2,3,2,4,2,0,3,3,4,3,4,2,3,4,3,4,3,yes,8,11,25,2.16666666666667,17,26,-5,0,-5,-4,14,-0.83333333333333
sub_14954,70,TRUE,BA,2,1,0,2,1,1,0,1,3,0,0,0,1,1,0,0,0,0,1,0,6,6,4,3,4,6,2,3,2,3,1,2,1,2,3,1,1,1,1,0,3,3,6,4,6,yes,2,3,19,2.66666666666667,29,37,0,1,1,1,0,0,0,0,1,0,1,3,1,3,1,3,2,1,3,1,2,2,2,1,2,1,1,1,2,5,5,5,5,0,5,4,1,2,3,0,1,2,3,4,3,yes,3,6,20,2.66666666666667,29,27,1,3,1,0,-10,0
sub_82613,71,TRUE,CR,3,2,1,3,3,3,0,3,2,2,2,2,1,2,2,0,2,1,2,1,3,4,4,5,3,5,2,2,2,1,2,1,2,1,3,2,4,4,5,4,3,4,4,3,4,yes,14,6,21,1.33333333333333,24,27,0,1,0,2,0,0,1,2,1,1,2,2,1,3,2,2,2,2,3,1,2,2,2,2,1,2,2,3,3,3,3,4,3,3,4,2,1,2,2,1,1,1,2,4,2,no,8,6,19,1.83333333333333,19,24,-6,0,-2,-5,-3,0.5
sub_92900,72,TRUE,BA,1,2,3,2,2,2,0,3,3,3,1,0,0,1,0,0,0,1,2,1,4,4,4,4,4,4,3,3,3,3,3,3,2,3,3,1,2,3,0,0,5,5,5,2,5,yes,6,6,12,1.5,24,43,1,1,0,2,0,0,0,1,2,1,3,2,3,2,3,3,3,2,3,1,1,1,3,3,3,2,3,3,3,5,5,5,5,0,4,4,1,3,1,1,3,3,3,2,3,yes,8,5,14,1.16666666666667,28,34,2,-1,2,4,-9,-0.33333333333333
sub_60979,73,TRUE,BA,2,2,3,3,3,4,0,1,3,2,0,1,0,0,0,2,1,3,1,1,3,3,2,3,2,4,2,2,2,1,2,2,2,1,3,1,1,2,4,2,3,5,1,0,1,yes,9,7,21,1.33333333333333,17,29,2,2,0,2,0,0,2,3,1,2,2,1,2,1,2,3,2,1,3,1,3,1,3,4,3,3,3,1,1,5,5,5,4,0,5,4,1,3,4,4,1,3,1,0,1,yes,14,7,21,1.5,28,24,5,0,0,11,-5,0.16666666666667
sub_13935,74,TRUE,CR,3,3,3,2,2,2,0,0,2,1,1,0,1,1,0,0,1,1,2,0,2,4,2,4,4,4,2,2,2,2,1,2,2,2,3,1,2,2,2,2,1,3,2,2,2,yes,6,9,20,2.5,20,26,1,1,0,1,0,0,0,1,1,0,2,2,2,1,2,2,3,1,3,1,3,3,3,1,2,2,3,2,1,4,2,5,3,0,4,3,2,2,0,1,2,2,3,2,2,yes,5,9,20,2.16666666666667,21,30,-1,0,0,1,4,-0.33333333333333
sub_97812,75,TRUE,CR,2,2,2,2,2,2,0,1,3,2,0,1,0,3,0,0,1,1,1,1,2,3,2,4,2,3,2,2,2,2,2,2,2,2,3,2,4,2,4,1,3,2,2,3,4,yes,8,6,18,2,16,25,0,1,1,2,0,0,1,1,1,1,2,2,2,2,2,2,2,2,3,2,2,1,1,2,2,3,2,3,1,4,4,4,4,0,4,4,2,3,3,1,4,4,2,3,4,yes,7,4,18,1.83333333333333,24,32,-1,-2,0,8,7,-0.16666666666667
sub_76613,76,TRUE,CR,2,2,2,4,3,2,0,3,4,3,1,1,1,1,0,1,1,2,3,0,4,5,4,2,1,4,1,1,2,3,1,1,2,2,3,1,2,2,2,4,0,1,0,2,1,yes,10,6,22,0.833333333333333,20,18,3,3,2,0,2,2,3,3,2,0,1,1,1,1,0,0,2,1,3,2,0,0,3,4,1,1,3,3,4,2,2,1,1,0,4,1,0,0,6,5,0,0,0,2,0,yes,18,3,27,1.33333333333333,11,11,8,-3,5,-9,-7,0.499999999999997
sub_41648,77,TRUE,CR,4,3,4,2,2,3,0,3,3,2,2,2,2,1,1,0,1,2,1,2,3,3,3,3,3,3,1,1,1,1,1,1,2,1,3,1,4,2,4,2,2,3,4,4,3,yes,12,11,26,1.5,18,24,0,0,0,0,0,0,0,0,1,1,0,1,2,2,1,2,2,1,3,1,4,3,4,3,3,2,3,3,4,4,4,4,4,0,4,4,0,3,0,1,4,3,3,1,4,yes,2,11,24,1,24,39,-10,0,-2,6,15,-0.5
sub_40517,78,TRUE,CR,4,3,4,2,3,1,0,2,1,2,0,1,0,1,0,1,1,1,0,0,1,1,1,1,1,1,3,3,3,2,1,3,3,2,3,2,3,5,2,0,2,3,3,2,3,yes,5,11,14,2.16666666666667,6,33,0,1,1,3,0,0,3,1,2,0,3,3,3,2,2,2,3,1,3,1,4,4,4,1,1,2,1,1,3,1,1,1,1,0,1,1,4,1,1,3,2,5,3,5,2,yes,10,12,16,2.5,6,24,5,1,2,0,-9,0.33333333333333
sub_30114,79,TRUE,BA,3,2,1,3,2,3,0,3,4,3,0,0,0,0,0,0,0,2,1,0,4,4,3,5,3,5,3,2,2,2,3,1,3,2,3,2,6,2,3,5,5,4,4,2,6,yes,3,6,16,1,24,29,0,0,0,0,0,0,0,2,0,0,3,3,2,2,3,1,2,2,3,0,4,2,1,3,3,4,2,4,3,4,3,6,5,0,3,5,4,4,2,1,4,5,4,2,6,yes,2,7,18,0.833333333333333,26,38,-1,1,2,2,9,-0.166666666666667
sub_65426,80,TRUE,CR,2,2,2,4,2,3,0,2,3,2,0,1,1,1,1,0,1,1,2,1,5,4,4,4,4,4,2,3,2,1,1,2,2,1,3,1,3,5,3,1,4,4,3,2,4,yes,8,6,21,1.33333333333333,25,35,0,0,1,1,1,0,1,2,3,1,2,2,2,1,2,2,2,1,3,1,3,3,2,3,3,3,2,3,2,4,3,4,3,0,3,3,3,5,4,2,4,4,3,1,3,yes,9,8,21,1.33333333333333,20,33,1,2,0,-5,-2,0
sub_80313,81,TRUE,CR,2,2,3,3,1,3,0,2,4,3,1,1,1,3,0,0,1,1,1,2,5,5,6,6,5,5,2,1,2,2,2,2,3,2,3,2,0,3,4,1,1,3,2,3,3,yes,10,7,18,1.33333333333333,32,28,0,1,1,3,0,0,0,0,3,2,1,1,2,2,2,1,2,1,3,1,3,3,3,3,3,3,1,4,2,4,5,4,5,0,5,5,2,2,4,1,1,2,2,2,4,yes,9,9,23,1.33333333333333,28,26,-1,2,5,-4,-2,0
sub_66493,82,TRUE,BA,3,2,0,3,2,0,0,1,3,1,2,0,0,1,1,0,0,0,1,1,5,6,1,4,0,4,2,2,1,3,1,3,1,1,3,0,0,2,1,0,4,5,6,2,5,yes,6,5,22,2.33333333333333,20,43,2,0,0,0,1,0,0,0,2,0,1,2,1,3,2,2,1,1,3,0,2,3,0,1,2,3,2,3,1,4,1,5,1,0,1,4,1,2,3,0,4,4,3,2,5,yes,5,5,23,2,16,36,-1,0,1,-4,-7,-0.33333333333333
sub_40385,83,TRUE,CR,1,0,3,3,3,3,0,3,3,3,1,1,0,0,0,0,1,1,1,1,4,4,3,4,3,4,1,1,2,3,2,1,2,2,3,1,3,4,3,4,4,4,4,1,3,yes,6,4,21,1,22,32,1,1,1,1,0,0,1,1,0,0,1,2,2,2,2,2,2,2,3,1,1,1,1,3,2,3,2,3,3,3,3,3,3,0,2,3,3,2,2,2,1,2,2,2,3,yes,5,3,20,1.33333333333333,17,25,-1,-1,-1,-5,-7,0.33333333333333
sub_84200,84,TRUE,CR,0,0,3,2,4,2,0,2,4,4,1,1,1,1,0,1,3,1,2,1,6,5,6,4,6,5,0,3,2,2,2,3,2,2,3,2,6,4,6,6,5,6,4,6,6,yes,11,3,18,1,32,25,1,0,0,2,0,1,2,0,2,2,0,2,2,3,3,2,2,3,3,2,0,0,4,2,4,2,4,4,2,6,6,6,6,0,6,6,4,4,5,1,6,4,4,2,6,yes,10,4,17,1,36,36,-1,1,-1,4,11,0
sub_87547,85,TRUE,CR,4,3,3,3,3,3,0,1,1,1,0,2,1,1,0,0,0,1,3,2,4,4,4,3,4,4,2,3,2,2,3,3,3,3,3,1,3,5,4,1,3,6,4,2,4,yes,9,10,14,2,23,36,0,1,0,2,0,0,1,0,2,0,3,3,2,2,2,3,3,2,3,1,4,4,3,3,2,3,2,2,0,5,4,3,4,0,5,4,1,2,3,0,4,4,3,2,4,yes,6,11,15,2,25,35,-3,1,1,2,-1,0
sub_29997,86,TRUE,BA,2,1,2,1,1,1,0,3,2,1,1,1,1,1,0,0,1,1,2,2,4,5,4,4,4,4,2,3,2,3,1,2,2,1,3,1,4,2,3,3,1,1,2,4,3,yes,9,5,19,2.5,25,19,1,1,1,1,0,0,1,1,2,1,2,3,2,3,2,2,2,1,3,1,2,2,2,1,1,1,2,3,2,4,4,5,5,0,4,4,4,1,2,3,1,2,2,4,3,yes,8,6,18,2.33333333333333,26,20,-1,1,-1,1,1,-0.16666666666667
sub_77686,87,TRUE,CR,1,2,2,3,3,3,0,4,3,3,1,1,1,0,0,0,1,1,2,2,6,6,6,4,6,6,2,2,1,2,2,2,2,2,3,1,4,2,4,3,1,3,4,3,3,yes,8,5,20,0.833333333333333,34,23,0,0,1,0,0,0,0,0,1,1,2,3,2,3,3,3,3,2,3,1,0,0,0,4,4,4,4,4,4,6,6,6,6,0,6,6,0,4,2,0,4,4,4,2,4,yes,2,0,14,0,36,40,-6,-5,-6,2,17,-0.833333333333333
sub_21608,88,TRUE,CR,1,1,1,3,2,2,0,2,3,3,1,0,1,1,0,0,0,1,1,1,5,5,5,4,4,4,2,2,1,1,2,1,1,1,3,2,4,5,4,3,5,5,5,2,6,yes,5,3,23,1.5,27,37,0,0,0,0,0,0,1,1,1,0,2,2,2,2,2,2,2,1,3,1,1,2,1,2,3,2,1,3,1,5,3,5,4,0,5,4,4,4,3,2,4,3,4,3,5,yes,3,4,20,2,26,32,-2,1,-3,-1,-5,0.5
sub_19605,89,TRUE,BA,4,4,4,3,0,1,0,4,4,3,1,0,0,1,0,0,0,0,1,0,4,3,5,0,0,4,2,3,1,1,1,2,2,1,3,1,3,1,2,1,3,4,3,2,4,yes,3,12,22,1.5,16,31,1,0,0,1,0,0,1,1,2,0,1,2,1,2,2,0,2,0,3,1,4,4,4,1,3,3,3,4,4,6,3,4,4,0,6,4,1,1,1,0,3,4,3,1,4,yes,6,12,25,1,27,36,3,0,3,11,5,-0.5
sub_26580,90,TRUE,CR,1,1,1,3,1,1,0,1,2,2,1,1,1,1,0,0,1,1,1,0,3,2,1,4,3,2,3,2,2,2,2,2,2,1,3,2,2,3,4,1,3,4,4,2,4,yes,6,3,18,2.33333333333333,15,33,1,1,1,1,0,0,2,1,1,2,3,2,3,2,3,2,3,2,3,2,2,1,1,1,3,3,2,2,3,3,3,4,3,0,3,3,2,2,3,1,2,3,4,2,4,yes,9,4,14,1.66666666666667,19,31,3,1,-4,4,-2,-0.66666666666666
sub_95550,91,TRUE,CR,0,1,1,2,2,3,0,1,3,3,1,0,2,2,1,0,1,2,2,2,3,4,4,3,4,4,3,2,3,2,3,3,2,2,3,3,5,4,2,4,2,3,3,3,3,yes,11,2,13,1.66666666666667,22,25,2,1,2,2,2,0,2,1,2,1,2,3,3,2,3,3,3,2,3,2,0,0,0,3,3,2,3,2,2,4,4,5,4,0,4,4,3,3,4,3,2,3,2,4,3,yes,13,0,13,1.5,25,23,2,-2,0,3,-2,-0.16666666666667
sub_31928,92,TRUE,CR,4,4,4,2,1,1,0,1,2,2,1,1,1,1,0,0,1,1,1,2,4,4,4,2,4,4,2,2,2,1,2,1,2,2,3,2,3,2,3,2,1,4,2,5,4,yes,8,12,20,2.5,22,24,0,1,0,0,0,0,1,1,1,1,2,2,2,2,2,1,2,2,3,2,4,3,4,1,2,2,2,3,1,4,4,3,4,0,4,4,1,3,1,2,3,3,2,3,4,yes,5,11,19,2.16666666666667,23,32,-3,-1,-1,1,8,-0.33333333333333
sub_71162,93,TRUE,CR,3,2,3,3,1,3,0,4,3,3,1,3,1,3,0,0,2,1,2,0,3,3,4,4,3,3,2,2,1,0,0,2,1,0,3,0,6,2,6,4,5,1,3,1,4,yes,12,8,28,1.16666666666667,20,22,0,2,1,2,0,0,1,1,1,0,2,3,1,1,0,2,1,1,3,0,4,4,3,4,3,4,3,3,4,2,2,4,2,0,2,2,6,2,5,4,6,3,3,0,4,yes,7,11,25,0.5,14,27,-5,3,-3,-6,5,-0.66666666666667
sub_18323,94,TRUE,BA,3,1,2,3,2,2,0,3,3,3,1,1,1,1,1,0,1,1,1,0,4,5,4,5,4,4,0,3,2,1,2,3,2,2,3,0,4,2,3,4,4,3,4,3,3,yes,7,6,21,1.33333333333333,26,26,0,1,0,2,3,0,0,2,2,2,3,3,2,2,2,3,2,2,3,0,3,2,1,3,4,3,3,3,4,5,5,5,5,0,5,5,3,2,3,4,3,4,3,4,4,yes,12,6,17,0.666666666666667,30,26,5,0,-4,4,0,-0.666666666666663
sub_55242,95,TRUE,CR,1,1,4,3,0,3,0,3,3,0,1,2,0,2,0,0,1,1,0,1,1,0,1,0,1,1,2,2,3,2,3,1,2,2,3,1,1,1,5,1,0,1,0,4,2,yes,8,6,18,2,4,17,1,2,0,2,0,0,2,2,1,0,2,2,1,2,3,2,2,2,3,1,1,1,4,3,0,3,1,2,3,2,2,0,1,0,1,1,4,0,6,5,1,2,0,2,4,yes,10,6,19,2,7,14,2,0,1,3,-3,0
sub_70325,96,TRUE,BA,3,3,3,2,3,0,0,3,0,1,1,1,1,0,0,0,1,1,1,1,2,3,4,2,4,2,2,3,1,1,1,2,2,1,3,2,4,1,6,6,0,1,0,6,3,yes,6,9,21,2.5,17,7,0,0,0,0,0,0,1,1,1,1,3,3,2,2,2,2,3,2,3,2,2,2,3,1,2,1,3,1,3,4,4,4,4,0,4,4,2,2,5,0,1,2,2,2,2,yes,4,7,15,2.16666666666667,24,24,-2,-2,-6,7,17,-0.33333333333333
sub_64424,97,FALSE,BA,2,4,4,2,1,1,0,1,2,1,1,1,1,2,0,0,1,1,1,0,4,3,2,4,2,2,2,2,1,2,2,1,2,1,3,1,4,1,5,4,1,1,4,6,3,yes,7,10,22,2.66666666666667,17,15,NA,NA,NA,NA,NA,NA,NA,NA,NA,NA,NA,NA,NA,NA,NA,NA,NA,NA,NA,NA,NA,NA,NA,NA,NA,NA,NA,NA,NA,NA,NA,NA,NA,NA,NA,NA,NA,NA,NA,NA,NA,NA,NA,NA,NA,NA,NA,NA,NA,NA,NA,NA,NA,NA,NA,NA,NA,NA
sub_56207,98,FALSE,BA,3,2,1,1,2,1,0,1,2,3,1,0,1,1,0,0,1,1,2,2,2,1,4,1,4,2,1,2,1,2,3,1,1,1,3,2,5,3,2,4,2,3,3,5,4,yes,8,6,22,2.33333333333333,14,23,NA,NA,NA,NA,NA,NA,NA,NA,NA,NA,NA,NA,NA,NA,NA,NA,NA,NA,NA,NA,NA,NA,NA,NA,NA,NA,NA,NA,NA,NA,NA,NA,NA,NA,NA,NA,NA,NA,NA,NA,NA,NA,NA,NA,NA,NA,NA,NA,NA,NA,NA,NA,NA,NA,NA,NA,NA,NA
sub_26739,99,FALSE,BA,3,3,4,3,1,1,0,3,3,3,0,1,1,1,0,0,1,1,3,1,2,2,5,4,5,2,2,2,2,1,2,1,1,1,3,2,2,0,2,2,3,2,2,6,2,yes,8,10,22,1.66666666666667,20,21,NA,NA,NA,NA,NA,NA,NA,NA,NA,NA,NA,NA,NA,NA,NA,NA,NA,NA,NA,NA,NA,NA,NA,NA,NA,NA,NA,NA,NA,NA,NA,NA,NA,NA,NA,NA,NA,NA,NA,NA,NA,NA,NA,NA,NA,NA,NA,NA,NA,NA,NA,NA,NA,NA,NA,NA,NA,NA
sub_83235,100,FALSE,CR,3,3,3,3,3,3,0,4,3,3,0,1,1,0,0,0,0,1,1,0,5,4,5,4,5,4,2,2,2,2,2,2,1,1,3,1,4,4,2,2,5,5,6,2,2,yes,3,9,21,0.833333333333333,27,36,NA,NA,NA,NA,NA,NA,NA,NA,NA,NA,NA,NA,NA,NA,NA,NA,NA,NA,NA,NA,NA,NA,NA,NA,NA,NA,NA,NA,NA,NA,NA,NA,NA,NA,NA,NA,NA,NA,NA,NA,NA,NA,NA,NA,NA,NA,NA,NA,NA,NA,NA,NA,NA,NA,NA,NA,NA,NA
sub_72040,101,FALSE,CR,3,3,3,1,1,1,0,1,1,1,1,1,1,1,0,1,1,1,1,1,3,2,5,4,1,2,2,2,2,2,2,2,2,1,3,1,4,2,5,4,3,3,3,4,3,yes,8,9,20,3,17,21,NA,NA,NA,NA,NA,NA,NA,NA,NA,NA,NA,NA,NA,NA,NA,NA,NA,NA,NA,NA,NA,NA,NA,NA,NA,NA,NA,NA,NA,NA,NA,NA,NA,NA,NA,NA,NA,NA,NA,NA,NA,NA,NA,NA,NA,NA,NA,NA,NA,NA,NA,NA,NA,NA,NA,NA,NA,NA
sub_43699,102,FALSE,CR,0,0,0,3,2,1,0,1,2,2,1,0,0,3,2,0,0,1,1,2,6,5,6,5,5,5,2,2,2,2,3,2,2,3,3,3,5,2,0,3,1,3,2,4,4,yes,10,0,15,2.16666666666667,32,24,NA,NA,NA,NA,NA,NA,NA,NA,NA,NA,NA,NA,NA,NA,NA,NA,NA,NA,NA,NA,NA,NA,NA,NA,NA,NA,NA,NA,NA,NA,NA,NA,NA,NA,NA,NA,NA,NA,NA,NA,NA,NA,NA,NA,NA,NA,NA,NA,NA,NA,NA,NA,NA,NA,NA,NA,NA,NA
sub_64788,103,FALSE,BA,4,3,4,0,1,0,0,0,0,1,3,2,3,2,0,0,1,2,3,3,6,3,6,0,6,3,3,3,3,3,3,3,3,3,3,3,6,1,5,5,1,2,5,6,6,yes,16,11,9,3.66666666666667,24,17,NA,NA,NA,NA,NA,NA,NA,NA,NA,NA,NA,NA,NA,NA,NA,NA,NA,NA,NA,NA,NA,NA,NA,NA,NA,NA,NA,NA,NA,NA,NA,NA,NA,NA,NA,NA,NA,NA,NA,NA,NA,NA,NA,NA,NA,NA,NA,NA,NA,NA,NA,NA,NA,NA,NA,NA,NA,NA
sub_64585,104,FALSE,CR,1,1,0,3,2,3,0,4,3,3,1,1,0,1,1,0,1,1,2,1,4,3,4,4,6,4,2,2,2,2,2,2,2,2,3,1,3,5,4,3,4,4,6,4,6,yes,9,2,19,1,25,35,NA,NA,NA,NA,NA,NA,NA,NA,NA,NA,NA,NA,NA,NA,NA,NA,NA,NA,NA,NA,NA,NA,NA,NA,NA,NA,NA,NA,NA,NA,NA,NA,NA,NA,NA,NA,NA,NA,NA,NA,NA,NA,NA,NA,NA,NA,NA,NA,NA,NA,NA,NA,NA,NA,NA,NA,NA,NA
sub_38558,105,FALSE,CR,1,2,3,2,1,2,0,3,3,3,2,0,1,2,0,0,0,0,2,0,4,4,4,4,4,4,2,2,2,1,2,2,2,2,3,2,3,4,3,1,4,4,4,1,4,yes,6,6,19,1.66666666666667,24,36,NA,NA,NA,NA,NA,NA,NA,NA,NA,NA,NA,NA,NA,NA,NA,NA,NA,NA,NA,NA,NA,NA,NA,NA,NA,NA,NA,NA,NA,NA,NA,NA,NA,NA,NA,NA,NA,NA,NA,NA,NA,NA,NA,NA,NA,NA,NA,NA,NA,NA,NA,NA,NA,NA,NA,NA,NA,NA
sub_43712,106,FALSE,CR,1,2,2,3,0,2,0,1,3,3,1,0,1,1,0,0,0,1,1,1,5,5,5,3,5,5,2,1,2,2,2,1,3,2,3,3,0,2,0,0,3,2,2,6,3,yes,5,5,18,2,28,30,NA,NA,NA,NA,NA,NA,NA,NA,NA,NA,NA,NA,NA,NA,NA,NA,NA,NA,NA,NA,NA,NA,NA,NA,NA,NA,NA,NA,NA,NA,NA,NA,NA,NA,NA,NA,NA,NA,NA,NA,NA,NA,NA,NA,NA,NA,NA,NA,NA,NA,NA,NA,NA,NA,NA,NA,NA,NA
sub_74409,107,FALSE,CR,3,4,4,2,2,2,0,1,3,1,1,2,1,1,0,0,2,1,2,1,4,2,5,2,4,3,0,2,0,1,1,2,3,1,3,1,6,3,3,4,2,5,4,3,4,yes,10,11,25,2.16666666666667,20,26,NA,NA,NA,NA,NA,NA,NA,NA,NA,NA,NA,NA,NA,NA,NA,NA,NA,NA,NA,NA,NA,NA,NA,NA,NA,NA,NA,NA,NA,NA,NA,NA,NA,NA,NA,NA,NA,NA,NA,NA,NA,NA,NA,NA,NA,NA,NA,NA,NA,NA,NA,NA,NA,NA,NA,NA,NA,NA
sub_84742,108,FALSE,BA,1,1,1,1,0,1,0,4,4,0,3,0,3,3,1,2,0,1,3,3,6,6,0,0,0,6,3,3,0,0,3,3,3,0,3,0,6,5,6,6,5,6,6,6,4,yes,16,3,21,2.33333333333333,18,26,NA,NA,NA,NA,NA,NA,NA,NA,NA,NA,NA,NA,NA,NA,NA,NA,NA,NA,NA,NA,NA,NA,NA,NA,NA,NA,NA,NA,NA,NA,NA,NA,NA,NA,NA,NA,NA,NA,NA,NA,NA,NA,NA,NA,NA,NA,NA,NA,NA,NA,NA,NA,NA,NA,NA,NA,NA,NA
sub_34608,109,FALSE,BA,2,3,4,4,3,3,0,4,4,3,1,0,1,2,0,0,1,0,2,0,4,3,5,3,6,4,2,2,2,2,3,1,2,3,3,2,0,3,0,0,3,2,2,1,3,yes,6,9,17,0.5,25,36,NA,NA,NA,NA,NA,NA,NA,NA,NA,NA,NA,NA,NA,NA,NA,NA,NA,NA,NA,NA,NA,NA,NA,NA,NA,NA,NA,NA,NA,NA,NA,NA,NA,NA,NA,NA,NA,NA,NA,NA,NA,NA,NA,NA,NA,NA,NA,NA,NA,NA,NA,NA,NA,NA,NA,NA,NA,NA
sub_10102,110,FALSE,CR,3,4,4,3,1,4,0,3,2,3,1,1,0,1,0,0,1,2,2,0,3,2,4,2,2,2,3,2,1,2,2,2,2,1,3,2,5,4,5,3,2,3,1,2,2,yes,8,11,19,1.33333333333333,15,21,NA,NA,NA,NA,NA,NA,NA,NA,NA,NA,NA,NA,NA,NA,NA,NA,NA,NA,NA,NA,NA,NA,NA,NA,NA,NA,NA,NA,NA,NA,NA,NA,NA,NA,NA,NA,NA,NA,NA,NA,NA,NA,NA,NA,NA,NA,NA,NA,NA,NA,NA,NA,NA,NA,NA,NA,NA,NA
sub_85884,111,FALSE,BA,1,2,1,2,1,1,0,2,3,1,1,0,0,0,0,0,1,1,1,1,1,1,1,1,1,1,2,2,2,2,2,2,2,2,3,2,2,3,3,1,2,3,2,3,3,yes,5,4,18,2.33333333333333,6,28,NA,NA,NA,NA,NA,NA,NA,NA,NA,NA,NA,NA,NA,NA,NA,NA,NA,NA,NA,NA,NA,NA,NA,NA,NA,NA,NA,NA,NA,NA,NA,NA,NA,NA,NA,NA,NA,NA,NA,NA,NA,NA,NA,NA,NA,NA,NA,NA,NA,NA,NA,NA,NA,NA,NA,NA,NA,NA
sub_30002,112,FALSE,CR,2,1,3,4,3,3,0,4,2,3,1,0,1,2,0,0,0,0,1,1,2,2,4,5,5,2,2,3,1,3,1,1,2,2,3,2,3,4,2,0,5,3,4,2,3,yes,5,6,19,0.833333333333333,20,36,NA,NA,NA,NA,NA,NA,NA,NA,NA,NA,NA,NA,NA,NA,NA,NA,NA,NA,NA,NA,NA,NA,NA,NA,NA,NA,NA,NA,NA,NA,NA,NA,NA,NA,NA,NA,NA,NA,NA,NA,NA,NA,NA,NA,NA,NA,NA,NA,NA,NA,NA,NA,NA,NA,NA,NA,NA,NA
sub_71147,113,FALSE,CR,0,1,2,2,1,0,0,0,1,1,2,1,1,3,1,0,1,1,2,0,1,1,1,4,1,1,2,2,2,1,2,2,2,2,3,1,2,3,4,4,3,3,2,4,4,yes,11,3,20,3.16666666666667,9,25,NA,NA,NA,NA,NA,NA,NA,NA,NA,NA,NA,NA,NA,NA,NA,NA,NA,NA,NA,NA,NA,NA,NA,NA,NA,NA,NA,NA,NA,NA,NA,NA,NA,NA,NA,NA,NA,NA,NA,NA,NA,NA,NA,NA,NA,NA,NA,NA,NA,NA,NA,NA,NA,NA,NA,NA,NA,NA
sub_43755,114,FALSE,CR,4,4,3,4,2,1,0,0,3,2,1,0,1,3,0,0,0,0,2,0,5,5,5,6,5,5,3,3,2,2,3,3,3,1,3,3,1,6,6,0,6,4,5,1,2,yes,6,11,13,2,31,39,NA,NA,NA,NA,NA,NA,NA,NA,NA,NA,NA,NA,NA,NA,NA,NA,NA,NA,NA,NA,NA,NA,NA,NA,NA,NA,NA,NA,NA,NA,NA,NA,NA,NA,NA,NA,NA,NA,NA,NA,NA,NA,NA,NA,NA,NA,NA,NA,NA,NA,NA,NA,NA,NA,NA,NA,NA,NA
sub_89767,115,FALSE,CR,0,0,0,1,1,1,0,1,2,3,2,1,1,1,0,1,1,1,2,1,5,5,5,4,5,5,2,3,2,3,3,1,3,3,3,3,4,3,2,2,2,2,4,6,4,yes,10,0,13,2.5,29,25,NA,NA,NA,NA,NA,NA,NA,NA,NA,NA,NA,NA,NA,NA,NA,NA,NA,NA,NA,NA,NA,NA,NA,NA,NA,NA,NA,NA,NA,NA,NA,NA,NA,NA,NA,NA,NA,NA,NA,NA,NA,NA,NA,NA,NA,NA,NA,NA,NA,NA,NA,NA,NA,NA,NA,NA,NA,NA
sub_35489,116,FALSE,BA,1,2,1,3,3,4,0,3,3,3,1,1,1,1,0,0,1,1,0,0,4,5,4,4,4,4,2,3,2,2,2,2,2,2,3,3,3,3,6,1,4,3,2,1,5,yes,5,4,16,0.833333333333333,25,30,NA,NA,NA,NA,NA,NA,NA,NA,NA,NA,NA,NA,NA,NA,NA,NA,NA,NA,NA,NA,NA,NA,NA,NA,NA,NA,NA,NA,NA,NA,NA,NA,NA,NA,NA,NA,NA,NA,NA,NA,NA,NA,NA,NA,NA,NA,NA,NA,NA,NA,NA,NA,NA,NA,NA,NA,NA,NA
sub_73085,117,FALSE,CR,3,3,4,3,1,2,0,1,3,2,1,1,1,1,0,0,1,1,3,1,3,2,3,1,3,2,2,2,2,2,2,1,2,2,3,2,3,1,3,2,1,3,2,4,3,yes,9,10,19,2,14,22,NA,NA,NA,NA,NA,NA,NA,NA,NA,NA,NA,NA,NA,NA,NA,NA,NA,NA,NA,NA,NA,NA,NA,NA,NA,NA,NA,NA,NA,NA,NA,NA,NA,NA,NA,NA,NA,NA,NA,NA,NA,NA,NA,NA,NA,NA,NA,NA,NA,NA,NA,NA,NA,NA,NA,NA,NA,NA
sub_75684,118,FALSE,BA,2,1,1,3,4,3,0,3,3,4,0,0,0,2,0,0,0,0,1,1,5,5,5,5,4,5,2,2,1,1,1,3,2,1,3,2,0,6,1,0,5,6,5,2,5,yes,4,4,21,0.666666666666667,29,48,NA,NA,NA,NA,NA,NA,NA,NA,NA,NA,NA,NA,NA,NA,NA,NA,NA,NA,NA,NA,NA,NA,NA,NA,NA,NA,NA,NA,NA,NA,NA,NA,NA,NA,NA,NA,NA,NA,NA,NA,NA,NA,NA,NA,NA,NA,NA,NA,NA,NA,NA,NA,NA,NA,NA,NA,NA,NA
sub_64325,119,FALSE,BA,2,3,2,2,2,2,0,1,3,2,0,0,1,1,0,1,1,1,2,0,3,3,2,3,3,4,1,2,1,2,0,2,1,1,3,1,3,3,4,3,2,3,2,4,3,yes,6,7,25,2,18,23,NA,NA,NA,NA,NA,NA,NA,NA,NA,NA,NA,NA,NA,NA,NA,NA,NA,NA,NA,NA,NA,NA,NA,NA,NA,NA,NA,NA,NA,NA,NA,NA,NA,NA,NA,NA,NA,NA,NA,NA,NA,NA,NA,NA,NA,NA,NA,NA,NA,NA,NA,NA,NA,NA,NA,NA,NA,NA
sub_49549,120,FALSE,CR,4,4,4,2,2,2,0,1,2,3,0,1,0,0,0,0,2,1,1,3,4,3,3,2,3,3,1,2,1,2,1,2,1,2,3,1,4,4,5,3,4,1,1,2,2,yes,8,12,23,2,18,22,NA,NA,NA,NA,NA,NA,NA,NA,NA,NA,NA,NA,NA,NA,NA,NA,NA,NA,NA,NA,NA,NA,NA,NA,NA,NA,NA,NA,NA,NA,NA,NA,NA,NA,NA,NA,NA,NA,NA,NA,NA,NA,NA,NA,NA,NA,NA,NA,NA,NA,NA,NA,NA,NA,NA,NA,NA,NA
sub_50869,121,FALSE,BA,1,2,2,3,3,2,0,3,4,3,0,0,1,2,0,0,1,1,2,0,5,3,1,4,4,4,2,2,1,1,0,2,2,1,3,0,1,4,4,1,4,5,4,5,5,yes,6,5,25,1,21,35,NA,NA,NA,NA,NA,NA,NA,NA,NA,NA,NA,NA,NA,NA,NA,NA,NA,NA,NA,NA,NA,NA,NA,NA,NA,NA,NA,NA,NA,NA,NA,NA,NA,NA,NA,NA,NA,NA,NA,NA,NA,NA,NA,NA,NA,NA,NA,NA,NA,NA,NA,NA,NA,NA,NA,NA,NA,NA
sub_15260,122,FALSE,BA,4,3,4,4,0,3,0,4,3,1,1,1,1,3,0,0,1,1,2,0,6,5,6,4,6,5,1,2,1,1,2,2,2,1,3,1,2,3,4,1,3,2,4,5,4,yes,9,11,23,1.5,32,28,NA,NA,NA,NA,NA,NA,NA,NA,NA,NA,NA,NA,NA,NA,NA,NA,NA,NA,NA,NA,NA,NA,NA,NA,NA,NA,NA,NA,NA,NA,NA,NA,NA,NA,NA,NA,NA,NA,NA,NA,NA,NA,NA,NA,NA,NA,NA,NA,NA,NA,NA,NA,NA,NA,NA,NA,NA,NA
sub_63558,123,FALSE,BA,2,0,1,4,2,3,0,1,3,3,0,0,0,0,0,0,0,0,1,2,5,5,4,5,4,5,3,3,2,3,3,3,2,2,3,2,0,5,0,0,4,5,4,3,3,yes,3,3,13,1.33333333333333,28,42,NA,NA,NA,NA,NA,NA,NA,NA,NA,NA,NA,NA,NA,NA,NA,NA,NA,NA,NA,NA,NA,NA,NA,NA,NA,NA,NA,NA,NA,NA,NA,NA,NA,NA,NA,NA,NA,NA,NA,NA,NA,NA,NA,NA,NA,NA,NA,NA,NA,NA,NA,NA,NA,NA,NA,NA,NA,NA
sub_19769,124,FALSE,BA,4,4,4,3,1,2,0,2,2,1,0,1,1,0,0,0,1,1,2,1,4,2,4,3,3,4,2,2,2,2,1,2,2,1,3,2,3,5,4,1,2,4,3,4,3,yes,6,12,20,2.16666666666667,20,29,NA,NA,NA,NA,NA,NA,NA,NA,NA,NA,NA,NA,NA,NA,NA,NA,NA,NA,NA,NA,NA,NA,NA,NA,NA,NA,NA,NA,NA,NA,NA,NA,NA,NA,NA,NA,NA,NA,NA,NA,NA,NA,NA,NA,NA,NA,NA,NA,NA,NA,NA,NA,NA,NA,NA,NA,NA,NA
sub_96775,125,FALSE,BA,3,3,4,1,1,0,0,0,0,0,2,1,1,2,0,0,0,1,3,3,5,3,4,5,4,4,3,3,1,2,1,2,2,1,3,1,2,2,6,3,0,0,1,6,4,yes,12,10,20,3.66666666666667,25,14,NA,NA,NA,NA,NA,NA,NA,NA,NA,NA,NA,NA,NA,NA,NA,NA,NA,NA,NA,NA,NA,NA,NA,NA,NA,NA,NA,NA,NA,NA,NA,NA,NA,NA,NA,NA,NA,NA,NA,NA,NA,NA,NA,NA,NA,NA,NA,NA,NA,NA,NA,NA,NA,NA,NA,NA,NA,NA
sub_54575,126,FALSE,BA,2,3,3,4,3,3,0,1,3,2,2,0,1,2,1,0,1,1,3,2,4,3,2,3,2,2,1,2,2,1,1,2,1,1,3,0,4,2,5,4,2,3,3,4,3,yes,12,8,25,1.33333333333333,16,20,NA,NA,NA,NA,NA,NA,NA,NA,NA,NA,NA,NA,NA,NA,NA,NA,NA,NA,NA,NA,NA,NA,NA,NA,NA,NA,NA,NA,NA,NA,NA,NA,NA,NA,NA,NA,NA,NA,NA,NA,NA,NA,NA,NA,NA,NA,NA,NA,NA,NA,NA,NA,NA,NA,NA,NA,NA,NA
sub_87303,127,FALSE,CR,2,1,2,3,3,1,0,1,3,3,0,1,1,1,0,1,1,1,1,0,4,4,4,5,4,4,3,2,3,2,3,2,2,2,3,1,5,2,5,4,2,2,3,4,4,yes,6,5,16,1.66666666666667,25,19,NA,NA,NA,NA,NA,NA,NA,NA,NA,NA,NA,NA,NA,NA,NA,NA,NA,NA,NA,NA,NA,NA,NA,NA,NA,NA,NA,NA,NA,NA,NA,NA,NA,NA,NA,NA,NA,NA,NA,NA,NA,NA,NA,NA,NA,NA,NA,NA,NA,NA,NA,NA,NA,NA,NA,NA,NA,NA
sub_30778,128,FALSE,BA,2,2,3,2,1,1,0,1,2,1,1,2,1,1,0,0,2,2,2,1,4,4,4,5,4,4,2,2,2,2,2,2,2,1,3,2,5,2,5,4,3,3,4,4,3,yes,11,7,19,2.66666666666667,25,21,NA,NA,NA,NA,NA,NA,NA,NA,NA,NA,NA,NA,NA,NA,NA,NA,NA,NA,NA,NA,NA,NA,NA,NA,NA,NA,NA,NA,NA,NA,NA,NA,NA,NA,NA,NA,NA,NA,NA,NA,NA,NA,NA,NA,NA,NA,NA,NA,NA,NA,NA,NA,NA,NA,NA,NA,NA,NA
sub_18945,129,FALSE,BA,0,1,1,3,2,2,0,2,4,4,1,0,1,3,0,0,0,1,2,2,6,6,6,6,6,6,3,3,2,3,3,3,2,3,3,3,2,2,2,2,4,5,6,4,4,yes,9,2,11,1.16666666666667,36,35,NA,NA,NA,NA,NA,NA,NA,NA,NA,NA,NA,NA,NA,NA,NA,NA,NA,NA,NA,NA,NA,NA,NA,NA,NA,NA,NA,NA,NA,NA,NA,NA,NA,NA,NA,NA,NA,NA,NA,NA,NA,NA,NA,NA,NA,NA,NA,NA,NA,NA,NA,NA,NA,NA,NA,NA,NA,NA
sub_48817,130,FALSE,CR,3,2,2,3,1,2,0,4,3,2,1,1,1,2,0,0,1,0,1,1,3,3,5,3,5,3,0,1,1,1,0,1,1,1,3,1,5,3,6,5,4,4,6,5,1,yes,7,7,29,1.5,22,21,NA,NA,NA,NA,NA,NA,NA,NA,NA,NA,NA,NA,NA,NA,NA,NA,NA,NA,NA,NA,NA,NA,NA,NA,NA,NA,NA,NA,NA,NA,NA,NA,NA,NA,NA,NA,NA,NA,NA,NA,NA,NA,NA,NA,NA,NA,NA,NA,NA,NA,NA,NA,NA,NA,NA,NA,NA,NA
sub_94393,131,FALSE,CR,2,2,4,3,3,1,0,0,2,1,2,0,1,3,0,0,1,1,3,3,4,4,5,4,5,4,3,3,3,2,3,3,3,2,3,3,6,4,3,5,1,4,2,6,5,yes,13,8,11,2.33333333333333,26,20,NA,NA,NA,NA,NA,NA,NA,NA,NA,NA,NA,NA,NA,NA,NA,NA,NA,NA,NA,NA,NA,NA,NA,NA,NA,NA,NA,NA,NA,NA,NA,NA,NA,NA,NA,NA,NA,NA,NA,NA,NA,NA,NA,NA,NA,NA,NA,NA,NA,NA,NA,NA,NA,NA,NA,NA,NA,NA
sub_79017,132,FALSE,CR,2,2,1,1,1,1,0,1,4,2,1,1,3,2,0,0,1,1,2,3,2,3,4,5,2,2,0,2,1,1,0,2,2,0,3,1,4,2,4,4,1,3,2,6,2,yes,11,5,27,2.33333333333333,18,16,NA,NA,NA,NA,NA,NA,NA,NA,NA,NA,NA,NA,NA,NA,NA,NA,NA,NA,NA,NA,NA,NA,NA,NA,NA,NA,NA,NA,NA,NA,NA,NA,NA,NA,NA,NA,NA,NA,NA,NA,NA,NA,NA,NA,NA,NA,NA,NA,NA,NA,NA,NA,NA,NA,NA,NA,NA,NA
sub_39019,133,FALSE,CR,1,2,1,3,3,1,0,2,3,3,1,1,1,3,3,1,1,1,1,1,4,5,3,5,4,4,2,2,1,1,2,2,2,2,3,1,5,2,6,4,3,3,2,3,5,yes,13,4,21,1.5,25,21,NA,NA,NA,NA,NA,NA,NA,NA,NA,NA,NA,NA,NA,NA,NA,NA,NA,NA,NA,NA,NA,NA,NA,NA,NA,NA,NA,NA,NA,NA,NA,NA,NA,NA,NA,NA,NA,NA,NA,NA,NA,NA,NA,NA,NA,NA,NA,NA,NA,NA,NA,NA,NA,NA,NA,NA,NA,NA
sub_38988,134,FALSE,BA,1,2,4,3,1,2,0,2,3,1,1,1,1,3,0,0,2,1,2,1,1,1,3,2,2,2,2,2,2,1,1,2,2,0,3,1,1,1,4,2,1,2,1,3,1,yes,11,7,23,2,11,20,NA,NA,NA,NA,NA,NA,NA,NA,NA,NA,NA,NA,NA,NA,NA,NA,NA,NA,NA,NA,NA,NA,NA,NA,NA,NA,NA,NA,NA,NA,NA,NA,NA,NA,NA,NA,NA,NA,NA,NA,NA,NA,NA,NA,NA,NA,NA,NA,NA,NA,NA,NA,NA,NA,NA,NA,NA,NA
sub_92555,135,FALSE,BA,2,2,2,1,1,1,0,1,1,1,1,0,1,1,0,0,0,1,1,1,3,4,4,5,5,5,2,2,2,1,2,1,1,2,3,2,5,2,0,6,0,2,1,6,2,yes,5,6,21,3,26,14,NA,NA,NA,NA,NA,NA,NA,NA,NA,NA,NA,NA,NA,NA,NA,NA,NA,NA,NA,NA,NA,NA,NA,NA,NA,NA,NA,NA,NA,NA,NA,NA,NA,NA,NA,NA,NA,NA,NA,NA,NA,NA,NA,NA,NA,NA,NA,NA,NA,NA,NA,NA,NA,NA,NA,NA,NA,NA
sub_79530,136,FALSE,BA,1,2,1,3,3,3,0,1,3,3,0,0,0,1,0,1,1,0,1,1,6,6,6,6,6,6,3,3,3,3,3,3,3,3,3,1,3,6,2,2,4,4,6,0,6,yes,5,4,11,1.33333333333333,36,43,NA,NA,NA,NA,NA,NA,NA,NA,NA,NA,NA,NA,NA,NA,NA,NA,NA,NA,NA,NA,NA,NA,NA,NA,NA,NA,NA,NA,NA,NA,NA,NA,NA,NA,NA,NA,NA,NA,NA,NA,NA,NA,NA,NA,NA,NA,NA,NA,NA,NA,NA,NA,NA,NA,NA,NA,NA,NA
sub_68505,137,FALSE,CR,1,1,1,3,2,3,0,0,3,2,1,1,1,2,0,0,1,1,3,2,4,4,4,3,4,4,1,1,1,2,2,1,1,2,3,2,3,3,1,0,1,5,4,3,4,yes,11,3,23,1.83333333333333,23,34,NA,NA,NA,NA,NA,NA,NA,NA,NA,NA,NA,NA,NA,NA,NA,NA,NA,NA,NA,NA,NA,NA,NA,NA,NA,NA,NA,NA,NA,NA,NA,NA,NA,NA,NA,NA,NA,NA,NA,NA,NA,NA,NA,NA,NA,NA,NA,NA,NA,NA,NA,NA,NA,NA,NA,NA,NA,NA
sub_87689,138,FALSE,BA,0,0,2,3,3,3,0,4,2,3,0,1,0,2,0,0,1,0,2,2,4,3,4,3,5,4,1,1,1,2,1,1,2,2,3,1,2,3,1,1,1,2,2,2,2,yes,8,2,24,1,23,28,NA,NA,NA,NA,NA,NA,NA,NA,NA,NA,NA,NA,NA,NA,NA,NA,NA,NA,NA,NA,NA,NA,NA,NA,NA,NA,NA,NA,NA,NA,NA,NA,NA,NA,NA,NA,NA,NA,NA,NA,NA,NA,NA,NA,NA,NA,NA,NA,NA,NA,NA,NA,NA,NA,NA,NA,NA,NA
sub_20421,139,FALSE,CR,3,2,1,3,1,3,0,3,3,1,1,2,1,1,1,0,1,1,1,1,5,5,6,6,6,6,2,1,1,1,1,1,1,1,3,0,3,2,6,2,4,3,4,6,2,yes,9,6,27,1.66666666666667,34,22,NA,NA,NA,NA,NA,NA,NA,NA,NA,NA,NA,NA,NA,NA,NA,NA,NA,NA,NA,NA,NA,NA,NA,NA,NA,NA,NA,NA,NA,NA,NA,NA,NA,NA,NA,NA,NA,NA,NA,NA,NA,NA,NA,NA,NA,NA,NA,NA,NA,NA,NA,NA,NA,NA,NA,NA,NA,NA
sub_76686,140,FALSE,BA,2,1,2,3,3,3,0,3,3,3,1,2,0,0,0,0,1,2,3,2,5,4,5,5,5,5,2,2,2,2,1,2,2,2,3,1,4,4,3,2,5,4,4,5,2,yes,11,5,20,1,29,29,NA,NA,NA,NA,NA,NA,NA,NA,NA,NA,NA,NA,NA,NA,NA,NA,NA,NA,NA,NA,NA,NA,NA,NA,NA,NA,NA,NA,NA,NA,NA,NA,NA,NA,NA,NA,NA,NA,NA,NA,NA,NA,NA,NA,NA,NA,NA,NA,NA,NA,NA,NA,NA,NA,NA,NA,NA,NA
sub_67011,141,FALSE,BA,3,2,3,1,1,1,0,1,2,3,2,1,1,2,0,1,1,1,1,1,2,3,2,4,4,2,2,1,2,1,2,1,2,1,3,2,4,2,3,4,2,2,3,4,3,yes,10,8,22,2.5,17,21,NA,NA,NA,NA,NA,NA,NA,NA,NA,NA,NA,NA,NA,NA,NA,NA,NA,NA,NA,NA,NA,NA,NA,NA,NA,NA,NA,NA,NA,NA,NA,NA,NA,NA,NA,NA,NA,NA,NA,NA,NA,NA,NA,NA,NA,NA,NA,NA,NA,NA,NA,NA,NA,NA,NA,NA,NA,NA
sub_23853,142,FALSE,CR,0,0,1,1,3,3,0,0,2,1,2,1,1,0,0,0,1,3,1,1,3,5,2,3,2,4,3,3,3,3,3,3,3,3,3,2,3,2,5,3,3,4,2,1,2,yes,9,1,10,2.33333333333333,19,25,NA,NA,NA,NA,NA,NA,NA,NA,NA,NA,NA,NA,NA,NA,NA,NA,NA,NA,NA,NA,NA,NA,NA,NA,NA,NA,NA,NA,NA,NA,NA,NA,NA,NA,NA,NA,NA,NA,NA,NA,NA,NA,NA,NA,NA,NA,NA,NA,NA,NA,NA,NA,NA,NA,NA,NA,NA,NA
sub_45376,143,FALSE,CR,2,2,2,2,2,2,0,2,2,2,1,2,1,1,0,1,1,1,1,1,3,2,2,2,1,2,1,2,2,1,1,1,2,1,3,1,2,3,3,2,3,3,4,3,3,yes,9,6,24,2,12,30,NA,NA,NA,NA,NA,NA,NA,NA,NA,NA,NA,NA,NA,NA,NA,NA,NA,NA,NA,NA,NA,NA,NA,NA,NA,NA,NA,NA,NA,NA,NA,NA,NA,NA,NA,NA,NA,NA,NA,NA,NA,NA,NA,NA,NA,NA,NA,NA,NA,NA,NA,NA,NA,NA,NA,NA,NA,NA
sub_18080,144,FALSE,BA,2,1,1,4,2,4,0,3,4,3,1,0,1,1,0,0,1,1,1,0,4,4,2,4,3,4,2,2,2,3,3,1,2,1,3,1,3,3,2,1,4,4,4,1,2,yes,5,4,19,0.666666666666667,21,34,NA,NA,NA,NA,NA,NA,NA,NA,NA,NA,NA,NA,NA,NA,NA,NA,NA,NA,NA,NA,NA,NA,NA,NA,NA,NA,NA,NA,NA,NA,NA,NA,NA,NA,NA,NA,NA,NA,NA,NA,NA,NA,NA,NA,NA,NA,NA,NA,NA,NA,NA,NA,NA,NA,NA,NA,NA,NA
sub_84398,145,FALSE,CR,3,3,3,3,1,2,0,3,3,3,1,0,1,1,0,0,0,1,1,1,4,4,4,3,4,4,1,2,2,2,2,1,2,1,3,2,3,3,4,2,3,4,4,4,4,yes,5,9,21,1.5,23,29,NA,NA,NA,NA,NA,NA,NA,NA,NA,NA,NA,NA,NA,NA,NA,NA,NA,NA,NA,NA,NA,NA,NA,NA,NA,NA,NA,NA,NA,NA,NA,NA,NA,NA,NA,NA,NA,NA,NA,NA,NA,NA,NA,NA,NA,NA,NA,NA,NA,NA,NA,NA,NA,NA,NA,NA,NA,NA
sub_34110,146,FALSE,CR,4,4,4,3,3,1,0,1,3,3,2,1,0,2,0,0,0,0,3,0,4,5,2,4,4,4,1,1,0,1,0,1,1,0,3,0,4,2,4,2,3,3,2,6,5,yes,8,12,31,1.66666666666667,23,23,NA,NA,NA,NA,NA,NA,NA,NA,NA,NA,NA,NA,NA,NA,NA,NA,NA,NA,NA,NA,NA,NA,NA,NA,NA,NA,NA,NA,NA,NA,NA,NA,NA,NA,NA,NA,NA,NA,NA,NA,NA,NA,NA,NA,NA,NA,NA,NA,NA,NA,NA,NA,NA,NA,NA,NA,NA,NA
sub_78805,147,FALSE,BA,1,1,1,1,3,1,0,1,3,3,2,1,2,3,2,0,3,2,2,3,3,3,4,5,4,5,2,2,3,3,3,1,2,1,3,1,5,2,5,1,4,2,4,4,4,yes,18,3,18,2,24,25,NA,NA,NA,NA,NA,NA,NA,NA,NA,NA,NA,NA,NA,NA,NA,NA,NA,NA,NA,NA,NA,NA,NA,NA,NA,NA,NA,NA,NA,NA,NA,NA,NA,NA,NA,NA,NA,NA,NA,NA,NA,NA,NA,NA,NA,NA,NA,NA,NA,NA,NA,NA,NA,NA,NA,NA,NA,NA
sub_86742,148,FALSE,CR,3,3,2,3,3,1,0,3,3,3,1,1,1,0,0,0,1,1,1,2,4,4,4,4,5,5,2,2,1,1,2,2,2,2,3,2,4,2,4,2,2,4,2,5,4,yes,7,8,20,1.33333333333333,26,23,NA,NA,NA,NA,NA,NA,NA,NA,NA,NA,NA,NA,NA,NA,NA,NA,NA,NA,NA,NA,NA,NA,NA,NA,NA,NA,NA,NA,NA,NA,NA,NA,NA,NA,NA,NA,NA,NA,NA,NA,NA,NA,NA,NA,NA,NA,NA,NA,NA,NA,NA,NA,NA,NA,NA,NA,NA,NA
sub_57953,149,FALSE,BA,1,0,1,1,1,2,0,2,2,2,0,0,1,2,1,0,1,1,2,1,3,4,2,3,4,4,1,0,1,2,1,1,1,0,3,1,2,3,2,3,4,3,4,2,3,yes,8,2,28,2.33333333333333,20,32,NA,NA,NA,NA,NA,NA,NA,NA,NA,NA,NA,NA,NA,NA,NA,NA,NA,NA,NA,NA,NA,NA,NA,NA,NA,NA,NA,NA,NA,NA,NA,NA,NA,NA,NA,NA,NA,NA,NA,NA,NA,NA,NA,NA,NA,NA,NA,NA,NA,NA,NA,NA,NA,NA,NA,NA,NA,NA
sub_49516,150,FALSE,BA,4,3,2,3,1,3,0,0,2,3,0,3,0,0,0,1,2,1,2,0,0,0,2,1,0,0,1,0,0,1,0,0,1,1,3,1,1,6,6,0,2,4,0,0,5,yes,9,9,31,2,3,34,NA,NA,NA,NA,NA,NA,NA,NA,NA,NA,NA,NA,NA,NA,NA,NA,NA,NA,NA,NA,NA,NA,NA,NA,NA,NA,NA,NA,NA,NA,NA,NA,NA,NA,NA,NA,NA,NA,NA,NA,NA,NA,NA,NA,NA,NA,NA,NA,NA,NA,NA,NA,NA,NA,NA,NA,NA,NA
sub_12131,151,FALSE,CR,1,2,2,2,1,2,0,2,3,3,1,1,1,3,0,0,1,1,2,0,4,4,4,4,3,3,1,1,2,1,1,1,2,1,3,2,2,2,3,2,3,3,4,3,3,yes,9,5,24,1.83333333333333,22,29,NA,NA,NA,NA,NA,NA,NA,NA,NA,NA,NA,NA,NA,NA,NA,NA,NA,NA,NA,NA,NA,NA,NA,NA,NA,NA,NA,NA,NA,NA,NA,NA,NA,NA,NA,NA,NA,NA,NA,NA,NA,NA,NA,NA,NA,NA,NA,NA,NA,NA,NA,NA,NA,NA,NA,NA,NA,NA
sub_70988,152,FALSE,BA,3,4,3,3,2,3,0,1,3,3,0,0,1,2,0,0,0,1,2,2,4,4,5,4,5,5,2,2,1,1,2,2,1,1,3,2,4,2,4,3,2,4,3,2,4,yes,7,10,22,1.5,27,26,NA,NA,NA,NA,NA,NA,NA,NA,NA,NA,NA,NA,NA,NA,NA,NA,NA,NA,NA,NA,NA,NA,NA,NA,NA,NA,NA,NA,NA,NA,NA,NA,NA,NA,NA,NA,NA,NA,NA,NA,NA,NA,NA,NA,NA,NA,NA,NA,NA,NA,NA,NA,NA,NA,NA,NA,NA,NA
sub_81635,153,FALSE,CR,3,4,4,2,0,0,0,2,3,3,2,1,0,0,0,0,1,2,1,0,5,5,4,3,4,3,2,2,2,2,1,2,2,1,3,1,3,0,4,5,0,4,3,6,4,yes,7,11,21,2.33333333333333,24,17,NA,NA,NA,NA,NA,NA,NA,NA,NA,NA,NA,NA,NA,NA,NA,NA,NA,NA,NA,NA,NA,NA,NA,NA,NA,NA,NA,NA,NA,NA,NA,NA,NA,NA,NA,NA,NA,NA,NA,NA,NA,NA,NA,NA,NA,NA,NA,NA,NA,NA,NA,NA,NA,NA,NA,NA,NA,NA
sub_70981,154,FALSE,BA,4,2,3,3,2,2,0,2,2,2,1,1,0,1,1,0,0,1,1,1,3,3,3,3,4,3,2,2,2,2,2,2,2,2,3,2,2,2,1,1,1,2,2,3,3,yes,7,9,18,1.83333333333333,19,27,NA,NA,NA,NA,NA,NA,NA,NA,NA,NA,NA,NA,NA,NA,NA,NA,NA,NA,NA,NA,NA,NA,NA,NA,NA,NA,NA,NA,NA,NA,NA,NA,NA,NA,NA,NA,NA,NA,NA,NA,NA,NA,NA,NA,NA,NA,NA,NA,NA,NA,NA,NA,NA,NA,NA,NA,NA,NA
sub_52809,155,FALSE,BA,4,4,4,1,1,1,0,2,3,1,3,1,1,2,0,0,1,1,3,1,2,3,3,2,3,3,1,1,0,0,1,1,1,0,3,1,4,1,6,5,0,2,0,6,3,yes,12,12,30,2.5,16,9,NA,NA,NA,NA,NA,NA,NA,NA,NA,NA,NA,NA,NA,NA,NA,NA,NA,NA,NA,NA,NA,NA,NA,NA,NA,NA,NA,NA,NA,NA,NA,NA,NA,NA,NA,NA,NA,NA,NA,NA,NA,NA,NA,NA,NA,NA,NA,NA,NA,NA,NA,NA,NA,NA,NA,NA,NA,NA
sub_35806,156,FALSE,BA,3,3,4,3,3,2,0,3,3,3,1,0,1,1,1,0,1,1,2,3,4,4,4,5,5,4,1,0,3,2,2,3,2,1,3,1,2,4,1,0,4,5,5,3,3,yes,10,10,21,1.16666666666667,26,39,NA,NA,NA,NA,NA,NA,NA,NA,NA,NA,NA,NA,NA,NA,NA,NA,NA,NA,NA,NA,NA,NA,NA,NA,NA,NA,NA,NA,NA,NA,NA,NA,NA,NA,NA,NA,NA,NA,NA,NA,NA,NA,NA,NA,NA,NA,NA,NA,NA,NA,NA,NA,NA,NA,NA,NA,NA,NA
sub_10155,157,FALSE,BA,3,3,2,3,1,3,0,2,4,4,2,0,1,1,0,0,0,1,1,0,4,4,4,4,5,4,2,2,1,1,2,2,1,1,3,1,4,5,3,1,5,4,4,2,5,yes,5,8,23,1.16666666666667,25,37,NA,NA,NA,NA,NA,NA,NA,NA,NA,NA,NA,NA,NA,NA,NA,NA,NA,NA,NA,NA,NA,NA,NA,NA,NA,NA,NA,NA,NA,NA,NA,NA,NA,NA,NA,NA,NA,NA,NA,NA,NA,NA,NA,NA,NA,NA,NA,NA,NA,NA,NA,NA,NA,NA,NA,NA,NA,NA
sub_94686,158,FALSE,CR,2,1,1,3,3,2,0,2,3,3,1,0,1,1,0,0,1,1,2,1,4,3,4,4,4,3,2,2,2,1,1,2,2,1,3,2,2,3,3,3,2,4,4,4,4,yes,7,4,21,1.33333333333333,22,29,NA,NA,NA,NA,NA,NA,NA,NA,NA,NA,NA,NA,NA,NA,NA,NA,NA,NA,NA,NA,NA,NA,NA,NA,NA,NA,NA,NA,NA,NA,NA,NA,NA,NA,NA,NA,NA,NA,NA,NA,NA,NA,NA,NA,NA,NA,NA,NA,NA,NA,NA,NA,NA,NA,NA,NA,NA,NA
sub_15958,159,FALSE,BA,3,2,2,3,3,3,0,2,3,3,0,1,1,0,0,0,1,1,1,1,2,2,2,2,2,2,2,2,2,2,2,2,1,1,3,2,3,4,2,2,5,5,5,3,5,yes,5,7,20,1.16666666666667,12,38,NA,NA,NA,NA,NA,NA,NA,NA,NA,NA,NA,NA,NA,NA,NA,NA,NA,NA,NA,NA,NA,NA,NA,NA,NA,NA,NA,NA,NA,NA,NA,NA,NA,NA,NA,NA,NA,NA,NA,NA,NA,NA,NA,NA,NA,NA,NA,NA,NA,NA,NA,NA,NA,NA,NA,NA,NA,NA
sub_33578,160,FALSE,CR,4,4,3,3,1,0,0,0,3,2,0,1,1,0,0,0,1,1,2,1,2,3,4,5,4,2,1,2,1,1,2,1,2,0,3,1,4,2,2,2,2,2,1,3,3,yes,6,11,25,2.5,20,23,NA,NA,NA,NA,NA,NA,NA,NA,NA,NA,NA,NA,NA,NA,NA,NA,NA,NA,NA,NA,NA,NA,NA,NA,NA,NA,NA,NA,NA,NA,NA,NA,NA,NA,NA,NA,NA,NA,NA,NA,NA,NA,NA,NA,NA,NA,NA,NA,NA,NA,NA,NA,NA,NA,NA,NA,NA,NA
sub_78228,161,FALSE,BA,4,3,3,2,2,2,0,1,3,1,1,1,1,3,2,1,2,1,2,1,4,4,5,3,4,4,2,2,2,1,1,1,1,1,1,1,6,3,6,5,4,2,4,5,5,no,14,10,24,2.16666666666667,24,20,NA,NA,NA,NA,NA,NA,NA,NA,NA,NA,NA,NA,NA,NA,NA,NA,NA,NA,NA,NA,NA,NA,NA,NA,NA,NA,NA,NA,NA,NA,NA,NA,NA,NA,NA,NA,NA,NA,NA,NA,NA,NA,NA,NA,NA,NA,NA,NA,NA,NA,NA,NA,NA,NA,NA,NA,NA,NA
sub_47770,162,FALSE,BA,0,1,1,3,3,3,0,1,2,3,1,0,1,1,0,0,0,1,1,0,5,5,5,4,5,4,2,2,2,2,2,1,3,2,3,3,0,2,0,0,2,4,4,2,5,yes,4,2,17,1.5,28,39,NA,NA,NA,NA,NA,NA,NA,NA,NA,NA,NA,NA,NA,NA,NA,NA,NA,NA,NA,NA,NA,NA,NA,NA,NA,NA,NA,NA,NA,NA,NA,NA,NA,NA,NA,NA,NA,NA,NA,NA,NA,NA,NA,NA,NA,NA,NA,NA,NA,NA,NA,NA,NA,NA,NA,NA,NA,NA
sub_86325,163,FALSE,BA,1,1,0,3,3,3,0,3,3,2,1,0,0,1,0,0,0,1,1,0,4,4,2,4,2,4,2,2,2,2,1,1,2,2,3,1,1,3,2,2,2,3,3,2,3,yes,4,2,21,1.16666666666667,20,31,NA,NA,NA,NA,NA,NA,NA,NA,NA,NA,NA,NA,NA,NA,NA,NA,NA,NA,NA,NA,NA,NA,NA,NA,NA,NA,NA,NA,NA,NA,NA,NA,NA,NA,NA,NA,NA,NA,NA,NA,NA,NA,NA,NA,NA,NA,NA,NA,NA,NA,NA,NA,NA,NA,NA,NA,NA,NA
sub_72358,164,FALSE,BA,3,3,4,1,3,3,0,3,3,1,3,1,1,1,0,0,0,1,2,0,5,6,5,6,6,4,1,2,2,2,2,3,2,1,3,2,4,2,3,1,3,4,3,4,5,yes,8,10,19,1.66666666666667,32,29,NA,NA,NA,NA,NA,NA,NA,NA,NA,NA,NA,NA,NA,NA,NA,NA,NA,NA,NA,NA,NA,NA,NA,NA,NA,NA,NA,NA,NA,NA,NA,NA,NA,NA,NA,NA,NA,NA,NA,NA,NA,NA,NA,NA,NA,NA,NA,NA,NA,NA,NA,NA,NA,NA,NA,NA,NA,NA
sub_52762,165,FALSE,CR,4,4,4,1,1,3,0,2,3,3,1,2,1,0,0,0,1,1,1,0,2,0,1,2,1,0,1,2,1,2,1,1,1,1,3,1,5,3,5,3,2,2,1,2,2,yes,6,12,25,1.83333333333333,6,19,NA,NA,NA,NA,NA,NA,NA,NA,NA,NA,NA,NA,NA,NA,NA,NA,NA,NA,NA,NA,NA,NA,NA,NA,NA,NA,NA,NA,NA,NA,NA,NA,NA,NA,NA,NA,NA,NA,NA,NA,NA,NA,NA,NA,NA,NA,NA,NA,NA,NA,NA,NA,NA,NA,NA,NA,NA,NA
sub_74219,166,FALSE,BA,3,3,4,1,1,1,0,2,3,3,0,1,0,1,0,0,1,2,1,0,4,4,4,4,4,4,3,3,2,2,2,1,3,2,3,2,4,3,4,3,2,2,2,4,4,yes,6,10,16,2.16666666666667,24,22,NA,NA,NA,NA,NA,NA,NA,NA,NA,NA,NA,NA,NA,NA,NA,NA,NA,NA,NA,NA,NA,NA,NA,NA,NA,NA,NA,NA,NA,NA,NA,NA,NA,NA,NA,NA,NA,NA,NA,NA,NA,NA,NA,NA,NA,NA,NA,NA,NA,NA,NA,NA,NA,NA,NA,NA,NA,NA
sub_48179,167,FALSE,BA,2,1,2,1,3,1,0,1,2,3,1,1,1,2,0,1,1,1,1,1,3,2,2,4,3,4,2,2,1,2,2,2,2,2,3,2,4,3,2,0,0,2,1,2,4,yes,9,5,19,2.16666666666667,18,26,NA,NA,NA,NA,NA,NA,NA,NA,NA,NA,NA,NA,NA,NA,NA,NA,NA,NA,NA,NA,NA,NA,NA,NA,NA,NA,NA,NA,NA,NA,NA,NA,NA,NA,NA,NA,NA,NA,NA,NA,NA,NA,NA,NA,NA,NA,NA,NA,NA,NA,NA,NA,NA,NA,NA,NA,NA,NA
sub_73339,168,FALSE,BA,2,1,2,2,3,2,0,2,2,3,1,0,0,0,0,0,0,0,2,1,4,4,3,5,3,4,1,2,1,2,1,1,2,1,3,2,3,4,1,2,2,4,4,3,5,yes,4,5,23,1.66666666666667,23,34,NA,NA,NA,NA,NA,NA,NA,NA,NA,NA,NA,NA,NA,NA,NA,NA,NA,NA,NA,NA,NA,NA,NA,NA,NA,NA,NA,NA,NA,NA,NA,NA,NA,NA,NA,NA,NA,NA,NA,NA,NA,NA,NA,NA,NA,NA,NA,NA,NA,NA,NA,NA,NA,NA,NA,NA,NA,NA
sub_64376,169,FALSE,BA,2,1,1,3,2,4,0,3,3,3,1,1,1,2,0,1,1,1,2,1,1,1,2,4,2,1,1,2,0,2,1,2,0,0,3,0,5,5,2,0,4,6,3,0,4,yes,10,4,28,1,11,39,NA,NA,NA,NA,NA,NA,NA,NA,NA,NA,NA,NA,NA,NA,NA,NA,NA,NA,NA,NA,NA,NA,NA,NA,NA,NA,NA,NA,NA,NA,NA,NA,NA,NA,NA,NA,NA,NA,NA,NA,NA,NA,NA,NA,NA,NA,NA,NA,NA,NA,NA,NA,NA,NA,NA,NA,NA,NA
sub_63645,170,FALSE,CR,1,2,2,3,3,3,0,2,3,3,1,2,0,1,0,0,2,0,2,2,5,5,4,6,6,5,2,3,3,3,3,2,3,3,3,2,5,5,4,0,5,5,6,3,6,yes,10,5,12,1.16666666666667,31,39,NA,NA,NA,NA,NA,NA,NA,NA,NA,NA,NA,NA,NA,NA,NA,NA,NA,NA,NA,NA,NA,NA,NA,NA,NA,NA,NA,NA,NA,NA,NA,NA,NA,NA,NA,NA,NA,NA,NA,NA,NA,NA,NA,NA,NA,NA,NA,NA,NA,NA,NA,NA,NA,NA,NA,NA,NA,NA
sub_44392,171,FALSE,BA,3,2,1,1,2,3,0,3,3,3,1,2,1,1,2,0,1,1,2,0,4,5,5,5,4,5,1,2,1,0,2,1,1,1,3,1,3,1,4,4,4,3,3,3,5,yes,10,6,26,1.5,28,26,NA,NA,NA,NA,NA,NA,NA,NA,NA,NA,NA,NA,NA,NA,NA,NA,NA,NA,NA,NA,NA,NA,NA,NA,NA,NA,NA,NA,NA,NA,NA,NA,NA,NA,NA,NA,NA,NA,NA,NA,NA,NA,NA,NA,NA,NA,NA,NA,NA,NA,NA,NA,NA,NA,NA,NA,NA,NA
sub_57309,172,FALSE,BA,0,1,1,3,1,2,0,3,3,2,2,1,0,1,0,0,1,1,3,0,3,3,4,3,3,3,2,2,1,2,2,1,1,1,3,2,3,3,2,1,4,4,4,0,3,yes,9,2,22,1.66666666666667,19,36,NA,NA,NA,NA,NA,NA,NA,NA,NA,NA,NA,NA,NA,NA,NA,NA,NA,NA,NA,NA,NA,NA,NA,NA,NA,NA,NA,NA,NA,NA,NA,NA,NA,NA,NA,NA,NA,NA,NA,NA,NA,NA,NA,NA,NA,NA,NA,NA,NA,NA,NA,NA,NA,NA,NA,NA,NA,NA
sub_85552,173,FALSE,CR,3,3,3,3,1,3,0,1,3,3,1,0,1,1,0,0,1,1,1,0,4,3,4,3,3,3,1,2,1,2,1,2,1,1,3,1,3,4,4,4,3,4,3,5,4,yes,5,9,24,1.66666666666667,20,26,NA,NA,NA,NA,NA,NA,NA,NA,NA,NA,NA,NA,NA,NA,NA,NA,NA,NA,NA,NA,NA,NA,NA,NA,NA,NA,NA,NA,NA,NA,NA,NA,NA,NA,NA,NA,NA,NA,NA,NA,NA,NA,NA,NA,NA,NA,NA,NA,NA,NA,NA,NA,NA,NA,NA,NA,NA,NA
sub_14742,174,FALSE,CR,2,2,4,1,0,1,0,3,4,1,1,0,1,0,0,0,1,1,2,2,5,4,3,6,6,5,3,2,3,3,3,3,3,3,3,3,2,4,0,0,4,4,6,2,4,yes,7,8,10,2.33333333333333,29,42,NA,NA,NA,NA,NA,NA,NA,NA,NA,NA,NA,NA,NA,NA,NA,NA,NA,NA,NA,NA,NA,NA,NA,NA,NA,NA,NA,NA,NA,NA,NA,NA,NA,NA,NA,NA,NA,NA,NA,NA,NA,NA,NA,NA,NA,NA,NA,NA,NA,NA,NA,NA,NA,NA,NA,NA,NA,NA
sub_43695,175,FALSE,CR,2,1,2,2,3,2,0,3,4,3,0,1,1,1,0,0,1,1,1,0,5,4,5,2,4,5,1,3,2,2,2,2,2,2,3,1,3,2,4,3,3,4,4,5,2,yes,5,5,19,1.16666666666667,25,24,NA,NA,NA,NA,NA,NA,NA,NA,NA,NA,NA,NA,NA,NA,NA,NA,NA,NA,NA,NA,NA,NA,NA,NA,NA,NA,NA,NA,NA,NA,NA,NA,NA,NA,NA,NA,NA,NA,NA,NA,NA,NA,NA,NA,NA,NA,NA,NA,NA,NA,NA,NA,NA,NA,NA,NA,NA,NA
sub_15497,176,FALSE,CR,1,1,1,3,1,2,0,2,2,2,1,0,1,2,1,0,1,1,2,1,3,3,3,3,3,3,2,2,2,1,2,2,2,1,3,1,2,3,4,3,3,3,4,3,5,yes,9,3,21,2,18,30,NA,NA,NA,NA,NA,NA,NA,NA,NA,NA,NA,NA,NA,NA,NA,NA,NA,NA,NA,NA,NA,NA,NA,NA,NA,NA,NA,NA,NA,NA,NA,NA,NA,NA,NA,NA,NA,NA,NA,NA,NA,NA,NA,NA,NA,NA,NA,NA,NA,NA,NA,NA,NA,NA,NA,NA,NA,NA
sub_90411,177,FALSE,CR,2,1,2,3,2,2,0,2,3,2,1,0,0,1,0,0,0,1,1,1,4,4,4,3,3,3,2,2,2,2,3,2,2,2,2,2,3,4,4,3,4,4,3,3,3,yes,5,5,17,1.66666666666667,21,29,NA,NA,NA,NA,NA,NA,NA,NA,NA,NA,NA,NA,NA,NA,NA,NA,NA,NA,NA,NA,NA,NA,NA,NA,NA,NA,NA,NA,NA,NA,NA,NA,NA,NA,NA,NA,NA,NA,NA,NA,NA,NA,NA,NA,NA,NA,NA,NA,NA,NA,NA,NA,NA,NA,NA,NA,NA,NA
sub_70380,178,FALSE,CR,1,2,1,3,2,1,0,2,3,3,1,2,0,2,0,0,2,1,3,1,3,4,4,2,4,4,1,2,2,2,2,2,2,2,3,3,4,3,5,2,3,4,2,2,3,yes,12,4,18,1.66666666666667,21,26,NA,NA,NA,NA,NA,NA,NA,NA,NA,NA,NA,NA,NA,NA,NA,NA,NA,NA,NA,NA,NA,NA,NA,NA,NA,NA,NA,NA,NA,NA,NA,NA,NA,NA,NA,NA,NA,NA,NA,NA,NA,NA,NA,NA,NA,NA,NA,NA,NA,NA,NA,NA,NA,NA,NA,NA,NA,NA
sub_14059,179,FALSE,BA,1,3,3,3,3,3,0,1,3,3,0,0,0,2,0,0,0,0,2,1,5,5,5,5,4,5,2,2,2,3,3,3,3,1,3,1,3,5,0,0,4,4,4,3,5,yes,5,7,16,1.33333333333333,29,40,NA,NA,NA,NA,NA,NA,NA,NA,NA,NA,NA,NA,NA,NA,NA,NA,NA,NA,NA,NA,NA,NA,NA,NA,NA,NA,NA,NA,NA,NA,NA,NA,NA,NA,NA,NA,NA,NA,NA,NA,NA,NA,NA,NA,NA,NA,NA,NA,NA,NA,NA,NA,NA,NA,NA,NA,NA,NA
sub_54077,180,FALSE,BA,1,2,2,2,1,1,0,1,2,2,0,1,1,0,0,0,1,1,3,0,4,3,4,3,2,4,2,1,2,1,2,2,2,2,3,1,4,4,3,4,2,3,4,3,2,yes,6,5,21,2.5,20,25,NA,NA,NA,NA,NA,NA,NA,NA,NA,NA,NA,NA,NA,NA,NA,NA,NA,NA,NA,NA,NA,NA,NA,NA,NA,NA,NA,NA,NA,NA,NA,NA,NA,NA,NA,NA,NA,NA,NA,NA,NA,NA,NA,NA,NA,NA,NA,NA,NA,NA,NA,NA,NA,NA,NA,NA,NA,NA
sub_80716,181,FALSE,BA,1,1,1,3,2,2,0,4,3,3,1,1,0,0,0,0,1,1,0,0,6,6,5,6,5,6,3,3,3,3,3,2,3,1,3,1,2,4,2,2,4,4,5,2,4,yes,4,3,14,1.16666666666667,34,37,NA,NA,NA,NA,NA,NA,NA,NA,NA,NA,NA,NA,NA,NA,NA,NA,NA,NA,NA,NA,NA,NA,NA,NA,NA,NA,NA,NA,NA,NA,NA,NA,NA,NA,NA,NA,NA,NA,NA,NA,NA,NA,NA,NA,NA,NA,NA,NA,NA,NA,NA,NA,NA,NA,NA,NA,NA,NA
sub_22369,182,FALSE,CR,0,1,2,2,2,1,0,3,3,2,0,2,1,1,0,1,2,0,2,2,5,5,4,5,4,5,2,3,2,1,3,2,3,1,3,1,6,3,5,6,3,4,4,6,5,yes,10,3,18,1.83333333333333,28,20,NA,NA,NA,NA,NA,NA,NA,NA,NA,NA,NA,NA,NA,NA,NA,NA,NA,NA,NA,NA,NA,NA,NA,NA,NA,NA,NA,NA,NA,NA,NA,NA,NA,NA,NA,NA,NA,NA,NA,NA,NA,NA,NA,NA,NA,NA,NA,NA,NA,NA,NA,NA,NA,NA,NA,NA,NA,NA
sub_10093,183,FALSE,BA,1,2,1,4,0,3,0,4,4,3,2,0,0,3,1,0,0,0,1,2,4,4,4,5,4,4,2,2,2,2,3,1,1,2,3,2,4,2,1,1,3,3,3,5,4,yes,9,4,19,1,25,28,NA,NA,NA,NA,NA,NA,NA,NA,NA,NA,NA,NA,NA,NA,NA,NA,NA,NA,NA,NA,NA,NA,NA,NA,NA,NA,NA,NA,NA,NA,NA,NA,NA,NA,NA,NA,NA,NA,NA,NA,NA,NA,NA,NA,NA,NA,NA,NA,NA,NA,NA,NA,NA,NA,NA,NA,NA,NA
sub_69378,184,FALSE,BA,2,2,4,2,3,0,0,0,1,3,1,0,0,0,0,0,0,1,1,1,6,3,5,5,1,3,3,3,3,3,3,3,3,3,3,3,4,1,5,5,0,3,4,5,4,yes,4,8,9,2.5,23,17,NA,NA,NA,NA,NA,NA,NA,NA,NA,NA,NA,NA,NA,NA,NA,NA,NA,NA,NA,NA,NA,NA,NA,NA,NA,NA,NA,NA,NA,NA,NA,NA,NA,NA,NA,NA,NA,NA,NA,NA,NA,NA,NA,NA,NA,NA,NA,NA,NA,NA,NA,NA,NA,NA,NA,NA,NA,NA
sub_26288,185,FALSE,BA,2,2,1,1,2,1,0,1,2,2,2,1,1,3,0,0,1,2,1,3,2,2,3,1,4,2,1,3,2,1,2,2,2,1,3,2,3,1,4,3,2,3,2,3,2,yes,13,5,20,2.5,14,21,NA,NA,NA,NA,NA,NA,NA,NA,NA,NA,NA,NA,NA,NA,NA,NA,NA,NA,NA,NA,NA,NA,NA,NA,NA,NA,NA,NA,NA,NA,NA,NA,NA,NA,NA,NA,NA,NA,NA,NA,NA,NA,NA,NA,NA,NA,NA,NA,NA,NA,NA,NA,NA,NA,NA,NA,NA,NA
sub_78723,186,FALSE,BA,2,2,1,2,1,1,0,2,3,2,1,3,1,3,0,0,3,2,2,1,3,5,4,2,5,4,0,1,0,2,1,1,2,0,3,0,2,2,5,1,1,1,3,4,3,yes,15,5,29,2.16666666666667,23,22,NA,NA,NA,NA,NA,NA,NA,NA,NA,NA,NA,NA,NA,NA,NA,NA,NA,NA,NA,NA,NA,NA,NA,NA,NA,NA,NA,NA,NA,NA,NA,NA,NA,NA,NA,NA,NA,NA,NA,NA,NA,NA,NA,NA,NA,NA,NA,NA,NA,NA,NA,NA,NA,NA,NA,NA,NA,NA
sub_68551,187,FALSE,CR,4,4,3,3,2,2,0,1,3,1,3,2,1,3,2,2,2,2,2,2,4,5,4,4,4,4,2,2,3,2,2,2,2,2,3,2,4,2,5,4,4,3,5,4,5,yes,20,11,17,2,25,26,NA,NA,NA,NA,NA,NA,NA,NA,NA,NA,NA,NA,NA,NA,NA,NA,NA,NA,NA,NA,NA,NA,NA,NA,NA,NA,NA,NA,NA,NA,NA,NA,NA,NA,NA,NA,NA,NA,NA,NA,NA,NA,NA,NA,NA,NA,NA,NA,NA,NA,NA,NA,NA,NA,NA,NA,NA,NA
sub_92992,188,FALSE,BA,1,1,0,4,3,2,0,4,3,3,0,1,1,3,0,0,1,2,1,0,5,5,5,5,5,5,3,2,3,2,3,3,3,2,3,1,2,4,3,1,4,2,3,1,2,yes,8,2,14,0.833333333333333,30,32,NA,NA,NA,NA,NA,NA,NA,NA,NA,NA,NA,NA,NA,NA,NA,NA,NA,NA,NA,NA,NA,NA,NA,NA,NA,NA,NA,NA,NA,NA,NA,NA,NA,NA,NA,NA,NA,NA,NA,NA,NA,NA,NA,NA,NA,NA,NA,NA,NA,NA,NA,NA,NA,NA,NA,NA,NA,NA
