subID,intervention,max_score,activ_quality,prac_quality,reliv_quality,smart_quality,digg_quality,check_quality,rework_quality,fair_quality,win_quality
sub_30117,BA,3,1,1,NA,1,NA,NA,NA,NA,NA
sub_98260,BA,3,1,1,NA,NA,NA,NA,NA,NA,NA
sub_96307,BA,3,1,1,NA,NA,NA,NA,NA,NA,NA
sub_70325,BA,3,1,1,NA,NA,NA,NA,NA,NA,NA
sub_22349,BA,3,1,0,NA,1,NA,NA,NA,NA,NA
sub_36911,BA,3,1,1,1,1,NA,NA,NA,NA,NA
sub_21248,BA,3,1,1,NA,NA,NA,NA,NA,NA,NA
sub_50563,BA,3,1,1,NA,NA,NA,NA,NA,NA,NA
sub_11224,BA,3,1,1,1,1,NA,NA,NA,NA,NA
sub_88974,BA,3,1,1,NA,NA,NA,NA,NA,NA,NA
sub_73083,BA,3,1,1,NA,NA,NA,NA,NA,NA,NA
sub_60844,BA,3,1,1,NA,NA,NA,NA,NA,NA,NA
sub_65181,BA,3,1,1,NA,NA,NA,NA,NA,NA,NA
sub_82988,BA,3,1,1,NA,NA,NA,NA,NA,NA,NA
sub_18323,BA,3,1,1,1,NA,NA,NA,NA,NA,NA
sub_46077,BA,3,1,1,NA,NA,NA,NA,NA,NA,NA
sub_44782,BA,3,1,1,1,1,NA,NA,NA,NA,NA
sub_26100,BA,3,1,1,NA,NA,NA,NA,NA,NA,NA
sub_60979,BA,3,1,1,NA,NA,NA,NA,NA,NA,NA
sub_69437,BA,3,1,1,1,NA,NA,NA,NA,NA,NA
sub_19605,BA,3,1,NA,1,NA,NA,NA,NA,NA,NA
sub_82378,BA,3,1,NA,NA,NA,NA,NA,NA,NA,NA
sub_10015,BA,3,1,1,1,NA,NA,NA,NA,NA,NA
sub_25041,BA,3,1,1,NA,NA,NA,NA,NA,NA,NA
sub_38988,BA,3,1,NA,NA,NA,NA,NA,NA,NA,NA
sub_46794,BA,3,0,1,NA,NA,NA,NA,NA,NA,NA
sub_57127,BA,3,1,1,NA,NA,NA,NA,NA,NA,NA
sub_87732,BA,3,1,1,NA,NA,NA,NA,NA,NA,NA
sub_85338,BA,3,0,1,NA,1,NA,NA,NA,NA,NA
sub_73010,BA,3,1,1,NA,NA,NA,NA,NA,NA,NA
sub_81432,BA,3,1,1,NA,NA,NA,NA,NA,NA,NA
sub_85946,BA,3,0,NA,NA,NA,NA,NA,NA,NA,NA
sub_71979,BA,3,1,1,NA,1,NA,NA,NA,NA,NA
sub_74399,BA,3,0,1,1,1,NA,NA,NA,NA,NA
sub_92900,BA,3,1,0,NA,NA,NA,NA,NA,NA,NA
sub_14954,BA,3,1,1,NA,NA,NA,NA,NA,NA,NA
sub_74932,BA,3,1,1,NA,NA,NA,NA,NA,NA,NA
sub_98693,BA,3,0,1,NA,NA,NA,NA,NA,NA,NA
sub_11944,BA,3,1,1,1,1,NA,NA,NA,NA,NA
sub_88446,BA,3,1,1,1,1,NA,NA,NA,NA,NA
sub_30114,BA,3,1,1,1,NA,NA,NA,NA,NA,NA
sub_17109,BA,3,0,1,1,NA,NA,NA,NA,NA,NA
sub_29997,BA,3,1,1,1,0,NA,NA,NA,NA,NA
sub_96999,BA,3,1,1,1,NA,NA,NA,NA,NA,NA
sub_11906,BA,3,0,1,NA,NA,NA,NA,NA,NA,NA
sub_66493,BA,3,1,1,NA,NA,NA,NA,NA,NA,NA
sub_57480,CR,4,NA,NA,NA,NA,1,1,1,1,1
sub_84200,CR,4,NA,NA,NA,NA,1,1,1,1,1
sub_21223,CR,4,NA,NA,NA,NA,1,1,1,1,1
sub_76613,CR,4,NA,NA,NA,NA,1,1,1,1,1
sub_71640,CR,4,NA,NA,NA,NA,1,1,1,1,1
sub_40385,CR,4,NA,NA,NA,NA,NA,1,0,1,NA
sub_41648,CR,4,NA,NA,NA,NA,1,1,1,1,1
sub_92526,CR,4,NA,NA,NA,NA,1,1,1,1,NA
sub_55242,CR,4,NA,NA,NA,NA,0,NA,NA,NA,NA
sub_35326,CR,4,NA,NA,NA,NA,NA,1,1,1,NA
sub_35850,CR,4,NA,NA,NA,NA,1,1,NA,NA,NA
sub_62716,CR,4,NA,NA,NA,NA,NA,1,1,1,NA
sub_42161,CR,4,NA,NA,NA,NA,NA,1,1,1,NA
sub_19090,CR,4,NA,NA,NA,NA,NA,1,1,0,NA
sub_81419,CR,4,NA,NA,NA,NA,1,1,NA,NA,NA
sub_71285,CR,4,NA,NA,NA,NA,1,NA,NA,NA,NA
sub_87547,CR,4,NA,NA,NA,NA,NA,1,1,1,NA
sub_26580,CR,4,NA,NA,NA,NA,1,1,1,1,NA
sub_93894,CR,4,NA,NA,NA,NA,1,1,NA,1,NA
sub_84361,CR,4,NA,NA,NA,NA,1,1,1,1,NA
sub_61387,CR,4,NA,NA,NA,NA,1,1,1,1,1
sub_13935,CR,4,NA,NA,NA,NA,NA,1,1,1,1
sub_71412,CR,4,NA,NA,NA,NA,1,1,1,1,NA
sub_97812,CR,4,NA,NA,NA,NA,1,1,1,1,1
sub_97602,CR,4,NA,NA,NA,NA,1,1,1,1,1
sub_91300,CR,4,NA,NA,NA,NA,1,1,1,1,1
sub_15641,CR,4,NA,NA,NA,NA,NA,1,1,1,NA
sub_84432,CR,4,NA,NA,NA,NA,NA,1,1,1,NA
sub_23609,CR,4,NA,NA,NA,NA,1,1,1,1,NA
sub_61468,CR,4,NA,NA,NA,NA,1,1,1,1,1
sub_39135,CR,4,NA,NA,NA,NA,1,1,1,1,1
sub_33308,CR,4,NA,NA,NA,NA,1,1,1,1,NA
sub_31104,CR,4,NA,NA,NA,NA,NA,1,1,1,NA
sub_28337,CR,4,NA,NA,NA,NA,NA,1,1,1,1
sub_40517,CR,4,NA,NA,NA,NA,NA,1,1,1,NA
sub_95550,CR,4,NA,NA,NA,NA,NA,1,1,1,NA
sub_80313,CR,4,NA,NA,NA,NA,NA,1,1,1,NA
sub_28869,CR,4,NA,NA,NA,NA,NA,1,1,1,NA
sub_82613,CR,4,NA,NA,NA,NA,1,1,1,1,1
sub_71432,CR,4,NA,NA,NA,NA,1,1,1,NA,NA
sub_71604,CR,4,NA,NA,NA,NA,NA,1,1,1,NA
sub_77686,CR,4,NA,NA,NA,NA,1,NA,NA,NA,NA
sub_87953,CR,4,NA,NA,NA,NA,1,1,1,1,NA
sub_46939,CR,4,NA,NA,NA,NA,1,1,1,1,1
sub_31928,CR,4,NA,NA,NA,NA,1,1,1,1,NA
sub_71162,CR,4,NA,NA,NA,NA,1,1,1,1,NA
sub_65426,CR,4,NA,NA,NA,NA,1,1,1,1,NA
sub_83995,CR,4,NA,NA,NA,NA,NA,1,1,1,NA
sub_69358,CR,4,NA,NA,NA,NA,1,NA,NA,NA,NA
sub_21608,CR,4,NA,NA,NA,NA,NA,1,1,1,NA
sub_17360,CR,4,NA,NA,NA,NA,1,1,1,1,NA
